{"learning_rate": 0.014531268916113818, "max_depth": 7, "subsample": 0.8445309224417622, "colsample_bytree": 0.8121665015600597, "gamma": 0.06653100927198519, "reg_alpha": 5.18636032516016e-08, "reg_lambda": 0.024219991102756265, "objective": "reg:squarederror", "n_estimators": 1000, "tree_method": "hist", "n_jobs": -1, "random_state": 42, "early_stopping_rounds": 50}