{"learning_rate": 0.0008767752629318258, "num_heads": 4, "d_ff": 128, "num_blocks": 3, "dropout_rate": 0.2557283322309212}