{"daily_spend": 1.1992142500000007, "cost_by_source": {"sentinel/NewsSentinel": 0.00042100000000000004, "topic_discovery": 0.004307, "council/grounded_data": 0.17265550000000005, "router/agronomist": 0.08870000000000001, "router/permabull": 0.16843090000000002, "router/permabear": 0.1280909, "router/master": 0.17224375000000003, "router/macro": 0.11196149999999999, "router/sentiment": 0.0026260000000000003, "router/technical": 0.09886800000000001, "router/geopolitical": 0.036364, "router/volatility": 0.004334400000000001, "router/inventory": 0.126549, "router/supply_chain": 0.0031496, "router/compliance": 0.076422, "sentinel/XSentimentSentinel(grok)": 0.0040907}, "request_count": 159, "last_reset_date": "2026-03-20", "budget_hit": false, "warning_sent": false, "x_api_calls": 8, "x_api_cost": 0.028}