{"daily_spend": 1.393477850000001, "cost_by_source": {"sentinel/NewsSentinel": 0.00042100000000000004, "topic_discovery": 0.004307, "council/grounded_data": 0.28092950000000005, "router/agronomist": 0.09753800000000001, "router/permabull": 0.16843090000000002, "router/permabear": 0.1280909, "router/master": 0.17224375000000003, "router/macro": 0.138985, "router/sentiment": 0.0030991000000000005, "router/technical": 0.11108200000000001, "router/geopolitical": 0.046532000000000004, "router/volatility": 0.005204200000000002, "router/inventory": 0.14956799999999998, "router/supply_chain": 0.0044615, "router/compliance": 0.076422, "sentinel/XSentimentSentinel(grok)": 0.006163}, "request_count": 199, "last_reset_date": "2026-03-20", "budget_hit": false, "warning_sent": false, "x_api_calls": 12, "x_api_cost": 0.04200000000000001}