{"daily_spend": 1.2532988000000005, "cost_by_source": {"sentinel/NewsSentinel": 0.0011725, "topic_discovery": 0.005720000000000001, "council/grounded_data": 0.121062, "router/macro": 0.15793225, "router/agronomist": 0.054188, "router/geopolitical": 0.07832400000000002, "router/supply_chain": 0.0035116, "router/sentiment": 0.0036532, "router/inventory": 0.19642199999999999, "router/technical": 0.137286, "router/volatility": 0.0063095, "router/permabear": 0.27525, "router/permabull": 0.0103175, "router/master": 0.14679875, "router/compliance": 0.048912, "sentinel/XSentimentSentinel(grok)": 0.0058725, "sentinel/MacroContagionSentinel": 0.000567}, "request_count": 179, "last_reset_date": "2026-03-18", "budget_hit": false, "warning_sent": false, "x_api_calls": 12, "x_api_cost": 0.04200000000000001}