{"daily_spend": 1.079477000000001, "cost_by_source": {"router/trade_analyst": 0.004624200000000001, "topic_discovery": 0.011545999999999999, "sentinel/NewsSentinel": 0.00024, "council/grounded_data": 0.09770550000000001, "router/agronomist": 0.07571599999999999, "router/permabear": 0.23825399999999997, "router/permabull": 0.008531400000000001, "router/master": 0.12516175000000002, "sentinel/MacroContagionSentinel": 0.0001515, "router/macro": 0.12743675, "router/geopolitical": 0.061065999999999995, "router/supply_chain": 0.0027461000000000005, "router/sentiment": 0.0021102, "router/technical": 0.089338, "router/inventory": 0.120366, "router/volatility": 0.0036910000000000003, "router/compliance": 0.105051, "sentinel/XSentimentSentinel(grok)": 0.005741600000000001}, "request_count": 188, "last_reset_date": "2026-03-16", "budget_hit": false, "warning_sent": false, "x_api_calls": 12, "x_api_cost": 0.04200000000000001}