{"daily_spend": 2.9159355, "cost_by_source": {"topic_discovery": 0.008199999999999999, "sentinel/NewsSentinel": 0.0014349999999999999, "council/grounded_data": 0.3843560000000002, "router/agronomist": 0.152756, "router/permabear": 0.4480763, "router/permabull": 0.3772519000000001, "router/master": 0.34805575, "router/sentiment": 0.0057357000000000016, "router/geopolitical": 0.097884, "router/supply_chain": 0.004492900000000001, "router/volatility": 0.0104966, "router/technical": 0.239646, "router/macro": 0.28343175000000004, "router/inventory": 0.450231, "router/compliance": 0.09566999999999999, "sentinel/XSentimentSentinel(grok)": 0.007520100000000002, "sentinel/MacroContagionSentinel": 0.0006965000000000001}, "request_count": 337, "last_reset_date": "2026-03-19", "budget_hit": false, "warning_sent": false, "x_api_calls": 16, "x_api_cost": 0.05600000000000002}