{"daily_spend": 1.188636350000001, "cost_by_source": {"sentinel/NewsSentinel": 0.000492, "topic_discovery": 0.005764, "council/grounded_data": 0.0851255, "router/agronomist": 0.08413999999999999, "router/permabear": 0.34121099999999993, "router/permabull": 0.0118676, "router/master": 0.1799945, "router/macro": 0.08684025000000001, "router/geopolitical": 0.056339999999999994, "router/sentiment": 0.0022176, "router/supply_chain": 0.003003, "router/inventory": 0.155838, "router/technical": 0.116192, "router/volatility": 0.004460499999999999, "router/compliance": 0.051264, "sentinel/XSentimentSentinel(grok)": 0.003886400000000001}, "request_count": 154, "last_reset_date": "2026-03-17", "budget_hit": false, "warning_sent": false, "x_api_calls": 8, "x_api_cost": 0.028}