{"daily_spend": 1.9461727500000003, "cost_by_source": {"router/trade_analyst": 0.004624200000000001, "topic_discovery": 0.011545999999999999, "sentinel/NewsSentinel": 0.00024, "council/grounded_data": 0.15583000000000005, "router/agronomist": 0.12139399999999999, "router/permabear": 0.394503, "router/permabull": 0.015603600000000002, "router/master": 0.22476125000000002, "sentinel/MacroContagionSentinel": 0.0001515, "router/macro": 0.1990275, "router/geopolitical": 0.09328399999999998, "router/supply_chain": 0.0055732, "router/sentiment": 0.004144, "router/technical": 0.199798, "router/inventory": 0.295935, "router/volatility": 0.0075349000000000015, "router/compliance": 0.206481, "sentinel/XSentimentSentinel(grok)": 0.005741600000000001}, "request_count": 278, "last_reset_date": "2026-03-16", "budget_hit": false, "warning_sent": false, "x_api_calls": 12, "x_api_cost": 0.04200000000000001}