{"daily_spend": 3.3065831500000047, "cost_by_source": {"sentinel/NewsSentinel": 0.0016224999999999998, "topic_discovery": 0.005720000000000001, "council/grounded_data": 0.28514700000000004, "router/macro": 0.38754974999999986, "router/agronomist": 0.138096, "router/geopolitical": 0.18257, "router/supply_chain": 0.0089652, "router/sentiment": 0.0095623, "router/inventory": 0.616662, "router/technical": 0.376214, "router/volatility": 0.0172199, "router/permabear": 0.700134, "router/permabull": 0.029656400000000003, "router/master": 0.4116175, "router/compliance": 0.121812, "sentinel/XSentimentSentinel(grok)": 0.0096973, "sentinel/MacroContagionSentinel": 0.000567, "router/trade_analyst": 0.0037703}, "request_count": 431, "last_reset_date": "2026-03-18", "budget_hit": false, "warning_sent": false, "x_api_calls": 19, "x_api_cost": 0.06650000000000003}