{"daily_spend": 1.7219356000000006, "cost_by_source": {"topic_discovery": 0.008199999999999999, "sentinel/NewsSentinel": 0.0014349999999999999, "council/grounded_data": 0.22579550000000012, "router/agronomist": 0.087104, "router/permabear": 0.2690379, "router/permabull": 0.26109210000000005, "router/master": 0.2269225, "router/sentiment": 0.0038066000000000003, "router/geopolitical": 0.05978, "router/supply_chain": 0.0022870000000000004, "router/volatility": 0.006235299999999999, "router/technical": 0.127852, "router/macro": 0.1392545, "router/inventory": 0.22591499999999998, "router/compliance": 0.07275, "sentinel/XSentimentSentinel(grok)": 0.0037717000000000002, "sentinel/MacroContagionSentinel": 0.0006965000000000001}, "request_count": 203, "last_reset_date": "2026-03-19", "budget_hit": false, "warning_sent": false, "x_api_calls": 8, "x_api_cost": 0.028}