{"daily_spend": 1.9316548000000007, "cost_by_source": {"topic_discovery": 0.008199999999999999, "sentinel/NewsSentinel": 0.0014349999999999999, "council/grounded_data": 0.3277225000000002, "router/agronomist": 0.11012200000000001, "router/permabear": 0.2690379, "router/permabull": 0.26109210000000005, "router/master": 0.2269225, "router/sentiment": 0.0041767, "router/geopolitical": 0.05978, "router/supply_chain": 0.0030410000000000003, "router/volatility": 0.007627999999999999, "router/technical": 0.13927799999999999, "router/macro": 0.18343850000000003, "router/inventory": 0.250698, "router/compliance": 0.07275, "sentinel/XSentimentSentinel(grok)": 0.0056361000000000015, "sentinel/MacroContagionSentinel": 0.0006965000000000001}, "request_count": 243, "last_reset_date": "2026-03-19", "budget_hit": false, "warning_sent": false, "x_api_calls": 12, "x_api_cost": 0.04200000000000001}