{"daily_spend": 2.132941650000002, "cost_by_source": {"sentinel/NewsSentinel": 0.0011725, "topic_discovery": 0.005720000000000001, "council/grounded_data": 0.18309650000000002, "router/macro": 0.24813249999999998, "router/agronomist": 0.09192800000000001, "router/geopolitical": 0.10585000000000001, "router/supply_chain": 0.0067883, "router/sentiment": 0.0057717, "router/inventory": 0.389151, "router/technical": 0.23924199999999998, "router/volatility": 0.010936400000000002, "router/permabear": 0.458379, "router/permabull": 0.018695000000000003, "router/master": 0.26354825000000004, "router/compliance": 0.098091, "sentinel/XSentimentSentinel(grok)": 0.0058725, "sentinel/MacroContagionSentinel": 0.000567}, "request_count": 277, "last_reset_date": "2026-03-18", "budget_hit": false, "warning_sent": false, "x_api_calls": 12, "x_api_cost": 0.04200000000000001}