{"daily_spend": 2.1944769500000008, "cost_by_source": {"sentinel/NewsSentinel": 0.00042100000000000004, "topic_discovery": 0.004307, "council/grounded_data": 0.3461010000000001, "router/agronomist": 0.13066, "router/permabull": 0.33028029999999997, "router/permabear": 0.1650933, "router/master": 0.28595175000000006, "router/macro": 0.20480949999999998, "router/sentiment": 0.005913900000000001, "router/technical": 0.20181000000000004, "router/geopolitical": 0.06950800000000001, "router/volatility": 0.0087841, "router/inventory": 0.24708899999999998, "router/supply_chain": 0.0068717000000000006, "router/compliance": 0.176583, "sentinel/XSentimentSentinel(grok)": 0.010293400000000001}, "request_count": 299, "last_reset_date": "2026-03-20", "budget_hit": false, "warning_sent": false, "x_api_calls": 20, "x_api_cost": 0.07000000000000003}