{"daily_spend": 1.2385072000000013, "cost_by_source": {"sentinel/NewsSentinel": 0.0007650000000000001, "topic_discovery": 0.005764, "council/grounded_data": 0.09972450000000001, "router/agronomist": 0.09448799999999999, "router/permabear": 0.34121099999999993, "router/permabull": 0.0118676, "router/master": 0.1799945, "router/macro": 0.100954, "router/geopolitical": 0.064884, "router/sentiment": 0.0022176, "router/supply_chain": 0.003003, "router/inventory": 0.155838, "router/technical": 0.116192, "router/volatility": 0.004460499999999999, "router/compliance": 0.051264, "sentinel/XSentimentSentinel(grok)": 0.005879500000000001}, "request_count": 171, "last_reset_date": "2026-03-17", "budget_hit": false, "warning_sent": false, "x_api_calls": 12, "x_api_cost": 0.04200000000000001}