{"daily_spend": 2.1453070999999997, "cost_by_source": {"sentinel/NewsSentinel": 0.001045, "topic_discovery": 0.005764, "council/grounded_data": 0.1650885, "router/agronomist": 0.132018, "router/permabear": 0.5247329999999999, "router/permabull": 0.0202295, "router/master": 0.30466275, "router/macro": 0.18067175000000002, "router/geopolitical": 0.100446, "router/sentiment": 0.005074499999999999, "router/supply_chain": 0.0061627999999999995, "router/inventory": 0.39177, "router/technical": 0.211492, "router/volatility": 0.0090033, "router/compliance": 0.07941899999999999, "sentinel/XSentimentSentinel(grok)": 0.007727000000000001}, "request_count": 281, "last_reset_date": "2026-03-17", "budget_hit": false, "warning_sent": false, "x_api_calls": 16, "x_api_cost": 0.05600000000000002}