{"daily_spend": 1.2017184500000002, "cost_by_source": {"sentinel/NewsSentinel": 0.000889, "topic_discovery": 0.005720000000000001, "council/grounded_data": 0.10375150000000001, "router/macro": 0.1432795, "router/agronomist": 0.043492, "router/geopolitical": 0.07164400000000001, "router/supply_chain": 0.0035116, "router/sentiment": 0.0036532, "router/inventory": 0.19642199999999999, "router/technical": 0.137286, "router/volatility": 0.0063095, "router/permabear": 0.27525, "router/permabull": 0.0103175, "router/master": 0.14679875, "router/compliance": 0.048912, "sentinel/XSentimentSentinel(grok)": 0.003914900000000001, "sentinel/MacroContagionSentinel": 0.000567}, "request_count": 161, "last_reset_date": "2026-03-18", "budget_hit": false, "warning_sent": false, "x_api_calls": 8, "x_api_cost": 0.028}