{"daily_spend": 1.0245208000000008, "cost_by_source": {"router/trade_analyst": 0.004624200000000001, "topic_discovery": 0.005788, "sentinel/NewsSentinel": 0.00024, "council/grounded_data": 0.08031150000000001, "router/agronomist": 0.06507399999999999, "router/permabear": 0.23825399999999997, "router/permabull": 0.008531400000000001, "router/master": 0.12516175000000002, "sentinel/MacroContagionSentinel": 0.0001515, "router/macro": 0.11533025, "router/geopolitical": 0.053899999999999997, "router/supply_chain": 0.0027461000000000005, "router/sentiment": 0.0021102, "router/technical": 0.089338, "router/inventory": 0.120366, "router/volatility": 0.0036910000000000003, "router/compliance": 0.105051, "sentinel/XSentimentSentinel(grok)": 0.0038519000000000005}, "request_count": 156, "last_reset_date": "2026-03-16", "budget_hit": false, "warning_sent": false, "x_api_calls": 8, "x_api_cost": 0.028}