{"daily_spend": 3.8069548, "cost_by_source": {"topic_discovery": 0.008199999999999999, "sentinel/NewsSentinel": 0.0016445, "council/grounded_data": 0.5360214999999999, "router/agronomist": 0.191568, "router/permabear": 0.6108412, "router/permabull": 0.42239990000000005, "router/master": 0.46573275000000003, "router/sentiment": 0.007756000000000001, "router/geopolitical": 0.132706, "router/supply_chain": 0.006755400000000001, "router/volatility": 0.0148622, "router/technical": 0.340262, "router/macro": 0.37813125000000003, "router/inventory": 0.576921, "router/compliance": 0.09566999999999999, "sentinel/XSentimentSentinel(grok)": 0.011537100000000007, "sentinel/MacroContagionSentinel": 0.0006965000000000001, "router/trade_analyst": 0.0052495}, "request_count": 472, "last_reset_date": "2026-03-19", "budget_hit": false, "warning_sent": false, "x_api_calls": 24, "x_api_cost": 0.08400000000000005}