{"cooldowns": {"WeatherSentinel": 1773938604.7061417, "MacroContagionSentinel": 1773924231.3256493, "PredictionMarketSentinel": 1773850949.7182693, "MicrostructureSentinel": 1773159280.4898345, "XSentimentSentinel": 1773420619.4671519, "POST_CYCLE": 1773923985.0758443, "PriceSentinel": 1773414240.9595695, "LogisticsSentinel": 1773067562.937959}, "recent_triggers": [["b6746f3c", 1773961636.4422576], ["f5d228b7", 1773961641.2439506]], "metrics": {"total_triggers": 9, "filtered_global_cooldown": 0, "filtered_post_cycle": 0, "filtered_source_cooldown": 0, "filtered_duplicate_content": 0, "processed": 8, "_last_reset_date": "2026-03-19"}}