{"cooldowns": {"WeatherSentinel": 1773747953.4184937, "MacroContagionSentinel": 1773834381.8584042, "PredictionMarketSentinel": 1773057082.4631863, "MicrostructureSentinel": 1773159280.4898345, "XSentimentSentinel": 1773420619.4671519, "POST_CYCLE": 1773834079.969718, "PriceSentinel": 1773414240.9595695, "LogisticsSentinel": 1773067562.937959, "GLOBAL": 1773842940.0022707}, "recent_triggers": [["62962e36", 1773833481.851667]], "metrics": {"total_triggers": 19, "filtered_global_cooldown": 0, "filtered_post_cycle": 10, "filtered_source_cooldown": 0, "filtered_duplicate_content": 1, "processed": 8, "_last_reset_date": "2026-03-16"}}