{"cooldowns": {"WeatherSentinel": 1773938604.7061417, "MacroContagionSentinel": 1773924231.3256493, "PredictionMarketSentinel": 1773850949.7182693, "MicrostructureSentinel": 1773159280.4898345, "XSentimentSentinel": 1773420619.4671519, "POST_CYCLE": 1773923985.0758443, "PriceSentinel": 1773414240.9595695, "LogisticsSentinel": 1773067562.937959}, "recent_triggers": [["8f87a1a4", 1773937704.7027862]], "metrics": {"total_triggers": 6, "filtered_global_cooldown": 0, "filtered_post_cycle": 0, "filtered_source_cooldown": 0, "filtered_duplicate_content": 0, "processed": 6, "_last_reset_date": "2026-03-19"}}