{"cooldowns": {"WeatherSentinel": 1773747953.4184937, "MacroContagionSentinel": 1773834381.8584042, "PredictionMarketSentinel": 1773850949.7182693, "MicrostructureSentinel": 1773159280.4898345, "XSentimentSentinel": 1773420619.4671519, "POST_CYCLE": 1773849755.0308194, "PriceSentinel": 1773414240.9595695, "LogisticsSentinel": 1773067562.937959}, "recent_triggers": [["8d7399b4", 1773880003.4956226]], "metrics": {"total_triggers": 1, "filtered_global_cooldown": 0, "filtered_post_cycle": 0, "filtered_source_cooldown": 0, "filtered_duplicate_content": 0, "processed": 0, "_last_reset_date": "2026-03-19"}}