{"cooldowns": {"WeatherSentinel": 1773747953.4184937, "MacroContagionSentinel": 1773330426.0450459, "PredictionMarketSentinel": 1773057082.4631863, "MicrostructureSentinel": 1773159280.4898345, "XSentimentSentinel": 1773420619.4671519, "POST_CYCLE": 1773747537.8264499, "PriceSentinel": 1773414240.9595695, "LogisticsSentinel": 1773067562.937959}, "recent_triggers": [["34c38ee2", 1773747053.4153202]], "metrics": {"total_triggers": 16, "filtered_global_cooldown": 0, "filtered_post_cycle": 10, "filtered_source_cooldown": 0, "filtered_duplicate_content": 0, "processed": 6, "_last_reset_date": "2026-03-16"}}