{"cooldowns": {"WeatherSentinel": 1774005812.3199885, "MacroContagionSentinel": 1773924231.3256493, "PredictionMarketSentinel": 1773850949.7182693, "MicrostructureSentinel": 1773159280.4898345, "XSentimentSentinel": 1773420619.4671519, "POST_CYCLE": 1774005357.8694615, "PriceSentinel": 1773414240.9595695, "LogisticsSentinel": 1773067562.937959}, "recent_triggers": [["a29c3274", 1774004912.3171601]], "metrics": {"total_triggers": 18, "filtered_global_cooldown": 0, "filtered_post_cycle": 5, "filtered_source_cooldown": 0, "filtered_duplicate_content": 0, "processed": 13, "_last_reset_date": "2026-03-19"}}