{"cooldowns": {"WeatherSentinel": 1773747953.4184937, "MacroContagionSentinel": 1773834381.8584042, "PredictionMarketSentinel": 1773850949.7182693, "MicrostructureSentinel": 1773159280.4898345, "XSentimentSentinel": 1773420619.4671519, "POST_CYCLE": 1773849755.0308194, "PriceSentinel": 1773414240.9595695, "LogisticsSentinel": 1773067562.937959}, "recent_triggers": [["eb66cd42", 1773849149.7155695]], "metrics": {"total_triggers": 20, "filtered_global_cooldown": 0, "filtered_post_cycle": 10, "filtered_source_cooldown": 0, "filtered_duplicate_content": 1, "processed": 9, "_last_reset_date": "2026-03-16"}}