{"cooldowns": {"WeatherSentinel": 1773402372.6839607, "MacroContagionSentinel": 1773330426.0450459, "PredictionMarketSentinel": 1773057082.4631863, "MicrostructureSentinel": 1773159280.4898345, "XSentimentSentinel": 1773420619.4671519, "POST_CYCLE": 1773649456.9222016, "PriceSentinel": 1773414240.9595695, "LogisticsSentinel": 1773067562.937959, "GLOBAL": 1773670140.0017886}, "recent_triggers": [["93982e52", 1773648938.8600605]], "metrics": {"total_triggers": 11, "filtered_global_cooldown": 0, "filtered_post_cycle": 9, "filtered_source_cooldown": 0, "filtered_duplicate_content": 0, "processed": 2, "_last_reset_date": "2026-03-16"}}