{"cooldowns": {"WeatherSentinel": 1770915144.8535051, "MacroContagionSentinel": 1770900743.726346, "PredictionMarketSentinel": 1770836015.048949, "MicrostructureSentinel": 1770836256.309649, "XSentimentSentinel": 1770915236.7657185, "POST_CYCLE": 1770915064.8385282, "PriceSentinel": 1770915296.9211009}, "recent_triggers": [["31c65d45", 1770908890.97098], ["ea5ad13b", 1770914244.8482368], ["27932e52", 1770914336.760588], ["9e1a100f", 1770914396.916354]], "metrics": {"total_triggers": 9, "filtered_global_cooldown": 0, "filtered_post_cycle": 0, "filtered_source_cooldown": 0, "filtered_duplicate_content": 0, "processed": 9, "_last_reset_date": "2026-02-12"}}