{"cooldowns": {"WeatherSentinel": 1772023601.3430042, "MacroContagionSentinel": 1771951583.5986855, "PredictionMarketSentinel": 1771322871.6873598, "MicrostructureSentinel": 1770836256.309649, "XSentimentSentinel": 1772030965.878509, "POST_CYCLE": 1772030614.0639842, "PriceSentinel": 1771945108.0351262}, "recent_triggers": [["df64feb2", 1772024600.849889], ["41a74ab3", 1772030065.8759675]], "metrics": {"total_triggers": 38, "filtered_global_cooldown": 0, "filtered_post_cycle": 0, "filtered_source_cooldown": 0, "filtered_duplicate_content": 0, "processed": 38, "_last_reset_date": "2026-02-18"}}