{"cooldowns": {"WeatherSentinel": 1773045914.024311, "MacroContagionSentinel": 1773045930.2435298, "PredictionMarketSentinel": 1773057082.4631863, "MicrostructureSentinel": 1772194191.225778, "XSentimentSentinel": 1772803067.3402216, "POST_CYCLE": 1773067103.7251844, "PriceSentinel": 1771945108.0351262, "LogisticsSentinel": 1773067562.937959}, "recent_triggers": [["54804083", 1773066662.9336348]], "metrics": {"total_triggers": 44, "filtered_global_cooldown": 0, "filtered_post_cycle": 3, "filtered_source_cooldown": 1, "filtered_duplicate_content": 0, "processed": 40, "_last_reset_date": "2026-02-27"}}