{"cooldowns": {"WeatherSentinel": 1772815615.8687875, "MacroContagionSentinel": 1772815623.6369197, "PredictionMarketSentinel": 1772817009.693661, "MicrostructureSentinel": 1772194191.225778, "XSentimentSentinel": 1772803067.3402216, "POST_CYCLE": 1772815761.860398, "PriceSentinel": 1771945108.0351262}, "recent_triggers": [["feed515d", 1772814715.8567762], ["a3d447a9", 1772814723.629586], ["c3d7cdea", 1772815209.6851704]], "metrics": {"total_triggers": 40, "filtered_global_cooldown": 0, "filtered_post_cycle": 3, "filtered_source_cooldown": 1, "filtered_duplicate_content": 0, "processed": 36, "_last_reset_date": "2026-02-27"}}