{"cooldowns": {"WeatherSentinel": 1770834466.5002105, "MacroContagionSentinel": 1770835897.3371782, "PredictionMarketSentinel": 1770836015.048949, "MicrostructureSentinel": 1770836256.309649, "XSentimentSentinel": 1770835895.5156388, "GLOBAL": 1770837600.0164683}, "recent_triggers": [["fa007216", 1770833566.4957], ["20d0529e", 1770833610.6940715], ["94839260", 1770834215.046656], ["4174fe3e", 1770834456.0017443], ["83ea38c0", 1770834995.5127017], ["ad8f658e", 1770834997.3260164]], "metrics": {"total_triggers": 6, "filtered_global_cooldown": 0, "filtered_post_cycle": 0, "filtered_source_cooldown": 0, "filtered_duplicate_content": 0, "processed": 6, "_last_reset_date": "2026-02-11"}}