{"cooldowns": {"WeatherSentinel": 1771591590.6278708, "MacroContagionSentinel": 1771591599.0318282, "PredictionMarketSentinel": 1771322871.6873598, "MicrostructureSentinel": 1770836256.309649, "XSentimentSentinel": 1771604350.2240155, "POST_CYCLE": 1771603907.2693129, "PriceSentinel": 1771523189.7680042}, "recent_triggers": [["a7b60498", 1771598044.188734], ["3351ab70", 1771603450.2203188]], "metrics": {"total_triggers": 19, "filtered_global_cooldown": 0, "filtered_post_cycle": 0, "filtered_source_cooldown": 0, "filtered_duplicate_content": 0, "processed": 19, "_last_reset_date": "2026-02-18"}}