{"cooldowns": {"WeatherSentinel": 1770915144.8535051, "MacroContagionSentinel": 1770900743.726346, "PredictionMarketSentinel": 1770836015.048949, "MicrostructureSentinel": 1770836256.309649, "XSentimentSentinel": 1770915236.7657185, "POST_CYCLE": 1770915064.8385282, "PriceSentinel": 1770918971.7756524}, "recent_triggers": [["ea5ad13b", 1770914244.8482368], ["27932e52", 1770914336.760588], ["9e1a100f", 1770914396.916354], ["437d8bcc", 1770918071.7697284]], "metrics": {"total_triggers": 10, "filtered_global_cooldown": 0, "filtered_post_cycle": 0, "filtered_source_cooldown": 0, "filtered_duplicate_content": 0, "processed": 10, "_last_reset_date": "2026-02-12"}}