{"cooldowns": {"WeatherSentinel": 1772541958.6821244, "MacroContagionSentinel": 1772469975.8632455, "PredictionMarketSentinel": 1772540214.7071686, "MicrostructureSentinel": 1772194191.225778, "XSentimentSentinel": 1772538414.1622705, "POST_CYCLE": 1772543082.9217777, "PriceSentinel": 1771945108.0351262}, "recent_triggers": [["b54da50a", 1772537514.1589894], ["1ede9540", 1772538414.705394], ["d9c29ba8", 1772541058.6785223]], "metrics": {"total_triggers": 16, "filtered_global_cooldown": 0, "filtered_post_cycle": 0, "filtered_source_cooldown": 1, "filtered_duplicate_content": 0, "processed": 15, "_last_reset_date": "2026-02-27"}}