{"cooldowns": {"WeatherSentinel": 1772109923.6968706, "MacroContagionSentinel": 1772038016.903338, "PredictionMarketSentinel": 1771322871.6873598, "MicrostructureSentinel": 1770836256.309649, "XSentimentSentinel": 1772117265.1387687, "POST_CYCLE": 1772116852.6142619, "PriceSentinel": 1771945108.0351262}, "recent_triggers": [["b47bba94", 1772110914.2512553], ["e886c123", 1772116365.1354024]], "metrics": {"total_triggers": 46, "filtered_global_cooldown": 0, "filtered_post_cycle": 0, "filtered_source_cooldown": 0, "filtered_duplicate_content": 0, "processed": 46, "_last_reset_date": "2026-02-18"}}