{"cooldowns": {"WeatherSentinel": 1770922291.6326206, "MacroContagionSentinel": 1770922734.1520517, "PredictionMarketSentinel": 1770836015.048949, "MicrostructureSentinel": 1770836256.309649, "XSentimentSentinel": 1770922327.2681658, "POST_CYCLE": 1770915064.8385282, "PriceSentinel": 1770918971.7756524}, "recent_triggers": [["437d8bcc", 1770918071.7697284], ["528d6e71", 1770919785.0512304], ["5fa66d0f", 1770921391.628736], ["d79ff0f6", 1770921427.266082], ["9adcee6d", 1770921834.1487434]], "metrics": {"total_triggers": 15, "filtered_global_cooldown": 0, "filtered_post_cycle": 0, "filtered_source_cooldown": 1, "filtered_duplicate_content": 0, "processed": 14, "_last_reset_date": "2026-02-12"}}