{"cooldowns": {"WeatherSentinel": 1772469974.2353022, "MacroContagionSentinel": 1772469975.8632455, "PredictionMarketSentinel": 1772127883.9497561, "MicrostructureSentinel": 1772194191.225778, "XSentimentSentinel": 1772468341.7436633, "POST_CYCLE": 1772470006.2073646, "PriceSentinel": 1771945108.0351262}, "recent_triggers": [["547af7a6", 1772461988.2595236], ["6f4c6d47", 1772467441.741027], ["26154f27", 1772469074.231273], ["b6657a8f", 1772469075.8603468]], "metrics": {"total_triggers": 11, "filtered_global_cooldown": 0, "filtered_post_cycle": 0, "filtered_source_cooldown": 0, "filtered_duplicate_content": 0, "processed": 11, "_last_reset_date": "2026-02-27"}}