{"cooldowns": {"WeatherSentinel": 1772714761.2187827, "MacroContagionSentinel": 1772469975.8632455, "PredictionMarketSentinel": 1772540214.7071686, "MicrostructureSentinel": 1772194191.225778, "XSentimentSentinel": 1772727525.708847, "POST_CYCLE": 1772727073.8927584, "PriceSentinel": 1771945108.0351262}, "recent_triggers": [["971f5e86", 1772726625.7060473]], "metrics": {"total_triggers": 30, "filtered_global_cooldown": 0, "filtered_post_cycle": 3, "filtered_source_cooldown": 1, "filtered_duplicate_content": 0, "processed": 26, "_last_reset_date": "2026-02-27"}}