{"cooldowns": {"WeatherSentinel": 1771865216.3240266, "MacroContagionSentinel": 1771850790.5999722, "PredictionMarketSentinel": 1771322871.6873598, "MicrostructureSentinel": 1770836256.309649, "XSentimentSentinel": 1771863526.5548077, "POST_CYCLE": 1771864812.5455148, "PriceSentinel": 1771523189.7680042}, "recent_triggers": [["4916ff76", 1771857167.8594842], ["eb1adc30", 1771862626.5524027], ["8c9d2a78", 1771864316.3214042]], "metrics": {"total_triggers": 27, "filtered_global_cooldown": 0, "filtered_post_cycle": 0, "filtered_source_cooldown": 0, "filtered_duplicate_content": 0, "processed": 27, "_last_reset_date": "2026-02-18"}}