{"cooldowns": {"WeatherSentinel": 1772455549.8145397, "MacroContagionSentinel": 1772038016.903338, "PredictionMarketSentinel": 1772127883.9497561, "MicrostructureSentinel": 1772194191.225778, "XSentimentSentinel": 1772457442.4074593, "POST_CYCLE": 1772457026.45197, "PriceSentinel": 1771945108.0351262, "GLOBAL": 1772461800.0101044}, "recent_triggers": [["b13c352a", 1772451100.4245603], ["325315bf", 1772454649.811708], ["95a49dc4", 1772456542.4050019]], "metrics": {"total_triggers": 7, "filtered_global_cooldown": 0, "filtered_post_cycle": 0, "filtered_source_cooldown": 0, "filtered_duplicate_content": 0, "processed": 7, "_last_reset_date": "2026-02-27"}}