{"cooldowns": {"WeatherSentinel": 1771505159.579858, "MacroContagionSentinel": 1771505166.0390735, "PredictionMarketSentinel": 1771322871.6873598, "MicrostructureSentinel": 1770836256.309649, "XSentimentSentinel": 1771512502.0151327, "POST_CYCLE": 1771513283.3325863, "PriceSentinel": 1771513766.2540603}, "recent_triggers": [["1e05cc00", 1771511602.0097163], ["9acccbcf", 1771512866.2445543]], "metrics": {"total_triggers": 10, "filtered_global_cooldown": 0, "filtered_post_cycle": 0, "filtered_source_cooldown": 0, "filtered_duplicate_content": 0, "processed": 10, "_last_reset_date": "2026-02-18"}}