{"cooldowns": {"WeatherSentinel": 1773402372.6839607, "MacroContagionSentinel": 1773330426.0450459, "PredictionMarketSentinel": 1773057082.4631863, "MicrostructureSentinel": 1773159280.4898345, "XSentimentSentinel": 1773404268.1463335, "POST_CYCLE": 1773403828.60896, "PriceSentinel": 1771945108.0351262, "LogisticsSentinel": 1773067562.937959}, "recent_triggers": [["6c32bae8", 1773397920.3654816], ["7dd625b3", 1773401472.6787338], ["31c75083", 1773403368.1432052]], "metrics": {"total_triggers": 11, "filtered_global_cooldown": 0, "filtered_post_cycle": 0, "filtered_source_cooldown": 0, "filtered_duplicate_content": 0, "processed": 11, "_last_reset_date": "2026-03-10"}}