{"cooldowns": {"WeatherSentinel": 1773045914.024311, "MacroContagionSentinel": 1773045930.2435298, "PredictionMarketSentinel": 1773057082.4631863, "MicrostructureSentinel": 1772194191.225778, "XSentimentSentinel": 1772803067.3402216, "POST_CYCLE": 1773055756.3736336, "PriceSentinel": 1771945108.0351262}, "recent_triggers": [["f071b45a", 1773055282.4608757]], "metrics": {"total_triggers": 43, "filtered_global_cooldown": 0, "filtered_post_cycle": 3, "filtered_source_cooldown": 1, "filtered_duplicate_content": 0, "processed": 39, "_last_reset_date": "2026-02-27"}}