{"cooldowns": {"WeatherSentinel": 1771591590.6278708, "MacroContagionSentinel": 1771591599.0318282, "PredictionMarketSentinel": 1771322871.6873598, "MicrostructureSentinel": 1770836256.309649, "XSentimentSentinel": 1771523396.9121494, "POST_CYCLE": 1771591491.040466, "PriceSentinel": 1771523189.7680042}, "recent_triggers": [["44104b3c", 1771590690.625526], ["2481dd34", 1771590699.0269737]], "metrics": {"total_triggers": 16, "filtered_global_cooldown": 0, "filtered_post_cycle": 0, "filtered_source_cooldown": 0, "filtered_duplicate_content": 0, "processed": 16, "_last_reset_date": "2026-02-18"}}