{"cooldowns": {"WeatherSentinel": 1772109923.6968706, "MacroContagionSentinel": 1772038016.903338, "PredictionMarketSentinel": 1771322871.6873598, "MicrostructureSentinel": 1770836256.309649, "XSentimentSentinel": 1772122683.4930632, "POST_CYCLE": 1772122269.2406683, "PriceSentinel": 1771945108.0351262}, "recent_triggers": [["e886c123", 1772116365.1354024], ["41881c9b", 1772121783.48783]], "metrics": {"total_triggers": 47, "filtered_global_cooldown": 0, "filtered_post_cycle": 0, "filtered_source_cooldown": 0, "filtered_duplicate_content": 0, "processed": 47, "_last_reset_date": "2026-02-18"}}