{"cooldowns": {"WeatherSentinel": 1771519575.3570366, "MacroContagionSentinel": 1771519576.3402724, "PredictionMarketSentinel": 1771322871.6873598, "MicrostructureSentinel": 1770836256.309649, "XSentimentSentinel": 1771523396.9121494, "POST_CYCLE": 1771520811.3807337, "PriceSentinel": 1771523189.7680042}, "recent_triggers": [["778d376c", 1771518675.3481815], ["f75be51c", 1771518676.3370106], ["75dd7571", 1771522289.7630453], ["f8ad8626", 1771522496.904424]], "metrics": {"total_triggers": 14, "filtered_global_cooldown": 0, "filtered_post_cycle": 0, "filtered_source_cooldown": 0, "filtered_duplicate_content": 0, "processed": 14, "_last_reset_date": "2026-02-18"}}