{"cooldowns": {"WeatherSentinel": 1771850778.5535522, "MacroContagionSentinel": 1771850790.5999722, "PredictionMarketSentinel": 1771322871.6873598, "MicrostructureSentinel": 1770836256.309649, "XSentimentSentinel": 1771863526.5548077, "POST_CYCLE": 1771863054.5662396, "PriceSentinel": 1771523189.7680042}, "recent_triggers": [["4916ff76", 1771857167.8594842], ["eb1adc30", 1771862626.5524027]], "metrics": {"total_triggers": 26, "filtered_global_cooldown": 0, "filtered_post_cycle": 0, "filtered_source_cooldown": 0, "filtered_duplicate_content": 0, "processed": 26, "_last_reset_date": "2026-02-18"}}