{"cooldowns": {"WeatherSentinel": 1772628379.74269, "MacroContagionSentinel": 1772469975.8632455, "PredictionMarketSentinel": 1772540214.7071686, "MicrostructureSentinel": 1772194191.225778, "XSentimentSentinel": 1772646524.078521, "POST_CYCLE": 1772635323.416287, "PriceSentinel": 1771945108.0351262}, "recent_triggers": [["4f4c5065", 1772645624.0766523]], "metrics": {"total_triggers": 26, "filtered_global_cooldown": 0, "filtered_post_cycle": 2, "filtered_source_cooldown": 1, "filtered_duplicate_content": 0, "processed": 23, "_last_reset_date": "2026-02-27"}}