{"cooldowns": {"WeatherSentinel": 1771337310.6354623, "MacroContagionSentinel": 1770922734.1520517, "PredictionMarketSentinel": 1771322871.6873598, "MicrostructureSentinel": 1770836256.309649, "XSentimentSentinel": 1771342809.3509836, "POST_CYCLE": 1771342485.214495, "PriceSentinel": 1770918971.7756524}, "recent_triggers": [["b1ab174e", 1771336410.5211513], ["acae4918", 1771341909.343019]], "metrics": {"total_triggers": 5, "filtered_global_cooldown": 0, "filtered_post_cycle": 0, "filtered_source_cooldown": 0, "filtered_duplicate_content": 0, "processed": 5, "_last_reset_date": "2026-02-17"}}