{"cooldowns": {"WeatherSentinel": 1772187644.8986058, "MacroContagionSentinel": 1772038016.903338, "PredictionMarketSentinel": 1772127883.9497561, "MicrostructureSentinel": 1772194191.225778, "XSentimentSentinel": 1772128099.5099413, "POST_CYCLE": 1772187250.1146245, "PriceSentinel": 1771945108.0351262}, "recent_triggers": [["c7cab45d", 1772186744.8949273], ["dfe81a6e", 1772192390.9192295]], "metrics": {"total_triggers": 2, "filtered_global_cooldown": 0, "filtered_post_cycle": 0, "filtered_source_cooldown": 0, "filtered_duplicate_content": 0, "processed": 2, "_last_reset_date": "2026-02-27"}}