{"cooldowns": {"WeatherSentinel": 1770922291.6326206, "MacroContagionSentinel": 1770922734.1520517, "PredictionMarketSentinel": 1770991979.4756958, "MicrostructureSentinel": 1770836256.309649, "XSentimentSentinel": 1770986259.5611796, "POST_CYCLE": 1770992194.253057, "PriceSentinel": 1770918971.7756524}, "recent_triggers": [["9b17a80f", 1770985359.5587678], ["52cbb80d", 1770990179.474073]], "metrics": {"total_triggers": 3, "filtered_global_cooldown": 0, "filtered_post_cycle": 1, "filtered_source_cooldown": 0, "filtered_duplicate_content": 0, "processed": 2, "_last_reset_date": "2026-02-13"}}