{"cooldowns": {"WeatherSentinel": 1771937128.6671536, "MacroContagionSentinel": 1771850790.5999722, "PredictionMarketSentinel": 1771322871.6873598, "MicrostructureSentinel": 1770836256.309649, "XSentimentSentinel": 1771933582.9698987, "POST_CYCLE": 1771936709.6568074, "PriceSentinel": 1771523189.7680042}, "recent_triggers": [["3a54de80", 1771932682.9636714], ["954a8542", 1771936228.6634605]], "metrics": {"total_triggers": 30, "filtered_global_cooldown": 0, "filtered_post_cycle": 0, "filtered_source_cooldown": 0, "filtered_duplicate_content": 0, "processed": 30, "_last_reset_date": "2026-02-18"}}