{"cooldowns": {"WeatherSentinel": 1772628379.74269, "MacroContagionSentinel": 1772469975.8632455, "PredictionMarketSentinel": 1772540214.7071686, "MicrostructureSentinel": 1772194191.225778, "XSentimentSentinel": 1772624826.8553567, "POST_CYCLE": 1772629489.048502, "PriceSentinel": 1771945108.0351262}, "recent_triggers": [["422002cc", 1772623926.8526337], ["781667aa", 1772627479.7393262]], "metrics": {"total_triggers": 24, "filtered_global_cooldown": 0, "filtered_post_cycle": 2, "filtered_source_cooldown": 1, "filtered_duplicate_content": 0, "processed": 21, "_last_reset_date": "2026-02-27"}}