{"cooldowns": {"WeatherSentinel": 1772556410.2306194, "MacroContagionSentinel": 1772469975.8632455, "PredictionMarketSentinel": 1772540214.7071686, "MicrostructureSentinel": 1772194191.225778, "XSentimentSentinel": 1772560124.2332296, "POST_CYCLE": 1772557564.0767398, "PriceSentinel": 1771945108.0351262}, "recent_triggers": [["8befc3ae", 1772553819.4926112], ["42baecec", 1772555510.2286453], ["b8f80f52", 1772559224.2308488]], "metrics": {"total_triggers": 22, "filtered_global_cooldown": 0, "filtered_post_cycle": 2, "filtered_source_cooldown": 1, "filtered_duplicate_content": 0, "processed": 19, "_last_reset_date": "2026-02-27"}}