{"cooldowns": {"WeatherSentinel": 1770922291.6326206, "MacroContagionSentinel": 1770922734.1520517, "PredictionMarketSentinel": 1770991979.4756958, "MicrostructureSentinel": 1770836256.309649, "XSentimentSentinel": 1770997119.269186, "POST_CYCLE": 1770998157.7321627, "PriceSentinel": 1770918971.7756524}, "recent_triggers": [["52cbb80d", 1770990179.474073], ["a51bda6e", 1770996219.2668269]], "metrics": {"total_triggers": 4, "filtered_global_cooldown": 0, "filtered_post_cycle": 1, "filtered_source_cooldown": 0, "filtered_duplicate_content": 0, "processed": 3, "_last_reset_date": "2026-02-13"}}