{"cooldowns": {"WeatherSentinel": 1771322875.1734629, "MacroContagionSentinel": 1770922734.1520517, "PredictionMarketSentinel": 1771322871.6873598, "MicrostructureSentinel": 1770836256.309649, "XSentimentSentinel": 1771331936.4344103, "POST_CYCLE": 1771331584.7324672, "PriceSentinel": 1770918971.7756524}, "recent_triggers": [["9d2fadf5", 1771331036.4324744]], "metrics": {"total_triggers": 3, "filtered_global_cooldown": 0, "filtered_post_cycle": 0, "filtered_source_cooldown": 0, "filtered_duplicate_content": 0, "processed": 3, "_last_reset_date": "2026-02-17"}}