{"cooldowns": {"WeatherSentinel": 1771850778.5535522, "MacroContagionSentinel": 1771850790.5999722, "PredictionMarketSentinel": 1771322871.6873598, "MicrostructureSentinel": 1770836256.309649, "XSentimentSentinel": 1771847225.1225042, "POST_CYCLE": 1771850620.6066918, "PriceSentinel": 1771523189.7680042}, "recent_triggers": [["a102dcb0", 1771846325.1207857], ["b07a6095", 1771849878.5451305], ["3b0cccc6", 1771849890.5935283]], "metrics": {"total_triggers": 23, "filtered_global_cooldown": 0, "filtered_post_cycle": 0, "filtered_source_cooldown": 0, "filtered_duplicate_content": 0, "processed": 23, "_last_reset_date": "2026-02-18"}}