{"cooldowns": {"WeatherSentinel": 1771937128.6671536, "MacroContagionSentinel": 1771850790.5999722, "PredictionMarketSentinel": 1771322871.6873598, "MicrostructureSentinel": 1770836256.309649, "XSentimentSentinel": 1771949885.5557144, "POST_CYCLE": 1771949434.213006, "PriceSentinel": 1771945108.0351262}, "recent_triggers": [["2cff68c3", 1771944208.0309303], ["eb681382", 1771948985.553287]], "metrics": {"total_triggers": 32, "filtered_global_cooldown": 0, "filtered_post_cycle": 0, "filtered_source_cooldown": 0, "filtered_duplicate_content": 0, "processed": 32, "_last_reset_date": "2026-02-18"}}