{"cooldowns": {"WeatherSentinel": 1772729215.0124276, "MacroContagionSentinel": 1772729226.062767, "PredictionMarketSentinel": 1772540214.7071686, "MicrostructureSentinel": 1772194191.225778, "XSentimentSentinel": 1772732931.5183036, "POST_CYCLE": 1772730581.253128, "PriceSentinel": 1771945108.0351262}, "recent_triggers": [["971f5e86", 1772726625.7060473], ["eceacfdc", 1772728315.0022767], ["1d23bc9a", 1772728326.0568144], ["62a6d308", 1772732031.5154574]], "metrics": {"total_triggers": 33, "filtered_global_cooldown": 0, "filtered_post_cycle": 3, "filtered_source_cooldown": 1, "filtered_duplicate_content": 0, "processed": 29, "_last_reset_date": "2026-02-27"}}