{"cooldowns": {"WeatherSentinel": 1772455549.8145397, "MacroContagionSentinel": 1772038016.903338, "PredictionMarketSentinel": 1772127883.9497561, "MicrostructureSentinel": 1772194191.225778, "XSentimentSentinel": 1772462888.266271, "POST_CYCLE": 1772462531.2018185, "PriceSentinel": 1771945108.0351262}, "recent_triggers": [["95a49dc4", 1772456542.4050019], ["547af7a6", 1772461988.2595236]], "metrics": {"total_triggers": 8, "filtered_global_cooldown": 0, "filtered_post_cycle": 0, "filtered_source_cooldown": 0, "filtered_duplicate_content": 0, "processed": 8, "_last_reset_date": "2026-02-27"}}