{"cooldowns": {"WeatherSentinel": 1773140672.5032287, "MacroContagionSentinel": 1773045930.2435298, "PredictionMarketSentinel": 1773057082.4631863, "MicrostructureSentinel": 1772194191.225778, "XSentimentSentinel": 1772803067.3402216, "POST_CYCLE": 1773140321.7441452, "PriceSentinel": 1771945108.0351262, "LogisticsSentinel": 1773067562.937959}, "recent_triggers": [["46906bdc", 1773139772.4999325]], "metrics": {"total_triggers": 1, "filtered_global_cooldown": 0, "filtered_post_cycle": 0, "filtered_source_cooldown": 0, "filtered_duplicate_content": 0, "processed": 1, "_last_reset_date": "2026-03-10"}}