{"cooldowns": {"WeatherSentinel": 1772202100.7823253, "MacroContagionSentinel": 1772038016.903338, "PredictionMarketSentinel": 1772127883.9497561, "MicrostructureSentinel": 1772194191.225778, "XSentimentSentinel": 1772128099.5099413, "POST_CYCLE": 1772201739.9792583, "PriceSentinel": 1771945108.0351262}, "recent_triggers": [["e9661bd1", 1772201200.778293]], "metrics": {"total_triggers": 3, "filtered_global_cooldown": 0, "filtered_post_cycle": 0, "filtered_source_cooldown": 0, "filtered_duplicate_content": 0, "processed": 3, "_last_reset_date": "2026-02-27"}}