{"cooldowns": {"WeatherSentinel": 1771412753.003842, "MacroContagionSentinel": 1771412763.539474, "PredictionMarketSentinel": 1771322871.6873598, "MicrostructureSentinel": 1770836256.309649, "XSentimentSentinel": 1771420030.34174, "POST_CYCLE": 1771419597.1523736, "PriceSentinel": 1770918971.7756524}, "recent_triggers": [["73174ef3", 1771413692.714859], ["d4a7b22e", 1771419130.3387697]], "metrics": {"total_triggers": 4, "filtered_global_cooldown": 0, "filtered_post_cycle": 0, "filtered_source_cooldown": 0, "filtered_duplicate_content": 0, "processed": 4, "_last_reset_date": "2026-02-18"}}