{"cooldowns": {"WeatherSentinel": 1773315965.128775, "MacroContagionSentinel": 1773315967.7548375, "PredictionMarketSentinel": 1773057082.4631863, "MicrostructureSentinel": 1773159280.4898345, "XSentimentSentinel": 1772803067.3402216, "POST_CYCLE": 1773315763.3281116, "PriceSentinel": 1771945108.0351262, "LogisticsSentinel": 1773067562.937959}, "recent_triggers": [["e6051100", 1773315065.1234524], ["e2e98e56", 1773315067.7513251]], "metrics": {"total_triggers": 5, "filtered_global_cooldown": 0, "filtered_post_cycle": 0, "filtered_source_cooldown": 0, "filtered_duplicate_content": 0, "processed": 5, "_last_reset_date": "2026-03-10"}}