{"cooldowns": {"WeatherSentinel": 1773315965.128775, "MacroContagionSentinel": 1773315967.7548375, "PredictionMarketSentinel": 1773057082.4631863, "MicrostructureSentinel": 1773159280.4898345, "XSentimentSentinel": 1773328774.1733112, "POST_CYCLE": 1773328344.1161916, "PriceSentinel": 1771945108.0351262, "LogisticsSentinel": 1773067562.937959}, "recent_triggers": [["0397f95f", 1773327855.6899178]], "metrics": {"total_triggers": 6, "filtered_global_cooldown": 0, "filtered_post_cycle": 0, "filtered_source_cooldown": 0, "filtered_duplicate_content": 0, "processed": 6, "_last_reset_date": "2026-03-10"}}