{"cooldowns": {"WeatherSentinel": 1771591590.6278708, "MacroContagionSentinel": 1771591599.0318282, "PredictionMarketSentinel": 1771322871.6873598, "MicrostructureSentinel": 1770836256.309649, "XSentimentSentinel": 1771593494.0095851, "POST_CYCLE": 1771593025.8551507, "PriceSentinel": 1771523189.7680042}, "recent_triggers": [["44104b3c", 1771590690.625526], ["2481dd34", 1771590699.0269737], ["fc9414a7", 1771592594.0071979]], "metrics": {"total_triggers": 17, "filtered_global_cooldown": 0, "filtered_post_cycle": 0, "filtered_source_cooldown": 0, "filtered_duplicate_content": 0, "processed": 17, "_last_reset_date": "2026-02-18"}}