{"cooldowns": {"WeatherSentinel": 1772714761.2187827, "MacroContagionSentinel": 1772469975.8632455, "PredictionMarketSentinel": 1772540214.7071686, "MicrostructureSentinel": 1772194191.225778, "XSentimentSentinel": 1772711217.4176793, "POST_CYCLE": 1772715813.8549535, "PriceSentinel": 1771945108.0351262}, "recent_triggers": [["ddbbb02c", 1772710317.4154518], ["c8fdfef2", 1772713861.2148914]], "metrics": {"total_triggers": 29, "filtered_global_cooldown": 0, "filtered_post_cycle": 3, "filtered_source_cooldown": 1, "filtered_duplicate_content": 0, "processed": 25, "_last_reset_date": "2026-02-27"}}