{"cooldowns": {"WeatherSentinel": 1772109923.6968706, "MacroContagionSentinel": 1772038016.903338, "PredictionMarketSentinel": 1771322871.6873598, "MicrostructureSentinel": 1770836256.309649, "XSentimentSentinel": 1772111814.254307, "POST_CYCLE": 1772111416.000065, "PriceSentinel": 1771945108.0351262}, "recent_triggers": [["0d1dd319", 1772105476.4896924], ["fa0f09e9", 1772109023.693633], ["b47bba94", 1772110914.2512553]], "metrics": {"total_triggers": 45, "filtered_global_cooldown": 0, "filtered_post_cycle": 0, "filtered_source_cooldown": 0, "filtered_duplicate_content": 0, "processed": 45, "_last_reset_date": "2026-02-18"}}