{"cooldowns": {"WeatherSentinel": 1772455549.8145397, "MacroContagionSentinel": 1772038016.903338, "PredictionMarketSentinel": 1772127883.9497561, "MicrostructureSentinel": 1772194191.225778, "XSentimentSentinel": 1772452000.439617, "POST_CYCLE": 1772455217.3553283, "PriceSentinel": 1771945108.0351262}, "recent_triggers": [["b13c352a", 1772451100.4245603], ["325315bf", 1772454649.811708]], "metrics": {"total_triggers": 6, "filtered_global_cooldown": 0, "filtered_post_cycle": 0, "filtered_source_cooldown": 0, "filtered_duplicate_content": 0, "processed": 6, "_last_reset_date": "2026-02-27"}}