{"cooldowns": {"WeatherSentinel": 1771519575.3570366, "MacroContagionSentinel": 1771519576.3402724, "PredictionMarketSentinel": 1771322871.6873598, "MicrostructureSentinel": 1770836256.309649, "XSentimentSentinel": 1771512502.0151327, "POST_CYCLE": 1771520811.3807337, "PriceSentinel": 1771513766.2540603}, "recent_triggers": [["1e05cc00", 1771511602.0097163], ["9acccbcf", 1771512866.2445543], ["778d376c", 1771518675.3481815], ["f75be51c", 1771518676.3370106]], "metrics": {"total_triggers": 12, "filtered_global_cooldown": 0, "filtered_post_cycle": 0, "filtered_source_cooldown": 0, "filtered_duplicate_content": 0, "processed": 12, "_last_reset_date": "2026-02-18"}}