{"cooldowns": {"WeatherSentinel": 1773402372.6839607, "MacroContagionSentinel": 1773330426.0450459, "PredictionMarketSentinel": 1773057082.4631863, "MicrostructureSentinel": 1773159280.4898345, "XSentimentSentinel": 1773420619.4671519, "POST_CYCLE": 1773414725.146583, "PriceSentinel": 1773414240.9595695, "LogisticsSentinel": 1773067562.937959}, "recent_triggers": [["5572f32c", 1773413340.9547188], ["edd518f4", 1773414268.0792623], ["892d2c2e", 1773419719.4629142]], "metrics": {"total_triggers": 14, "filtered_global_cooldown": 0, "filtered_post_cycle": 0, "filtered_source_cooldown": 0, "filtered_duplicate_content": 0, "processed": 14, "_last_reset_date": "2026-03-10"}}