{"cooldowns": {"WeatherSentinel": 1770886292.5740306, "MacroContagionSentinel": 1770900743.726346, "PredictionMarketSentinel": 1770836015.048949, "MicrostructureSentinel": 1770836256.309649, "XSentimentSentinel": 1770898977.634159, "POST_CYCLE": 1770900425.7905512}, "recent_triggers": [["60f57f3f", 1770898077.6320171], ["4f92207c", 1770899843.7186155]], "metrics": {"total_triggers": 4, "filtered_global_cooldown": 0, "filtered_post_cycle": 0, "filtered_source_cooldown": 0, "filtered_duplicate_content": 0, "processed": 4, "_last_reset_date": "2026-02-12"}}