{"cooldowns": {"WeatherSentinel": 1772801169.4002163, "MacroContagionSentinel": 1772801172.5115983, "PredictionMarketSentinel": 1772540214.7071686, "MicrostructureSentinel": 1772194191.225778, "XSentimentSentinel": 1772803067.3402216, "POST_CYCLE": 1772804095.1631536, "PriceSentinel": 1771945108.0351262}, "recent_triggers": [["68d80c49", 1772796725.0804577], ["aa83c081", 1772800269.3975742], ["153e3b51", 1772800272.5089042], ["f9216b53", 1772802167.3355365]], "metrics": {"total_triggers": 37, "filtered_global_cooldown": 0, "filtered_post_cycle": 3, "filtered_source_cooldown": 1, "filtered_duplicate_content": 0, "processed": 33, "_last_reset_date": "2026-02-27"}}