{"cooldowns": {"WeatherSentinel": 1772023601.3430042, "MacroContagionSentinel": 1771951583.5986855, "PredictionMarketSentinel": 1771322871.6873598, "MicrostructureSentinel": 1770836256.309649, "XSentimentSentinel": 1772025500.8548722, "POST_CYCLE": 1772025113.3556545, "PriceSentinel": 1771945108.0351262}, "recent_triggers": [["07e163cd", 1772019143.7557485], ["0b84cba8", 1772022701.3400311], ["df64feb2", 1772024600.849889]], "metrics": {"total_triggers": 37, "filtered_global_cooldown": 0, "filtered_post_cycle": 0, "filtered_source_cooldown": 0, "filtered_duplicate_content": 0, "processed": 37, "_last_reset_date": "2026-02-18"}}