{"cooldowns": {"WeatherSentinel": 1771345186.2946591, "MacroContagionSentinel": 1771352203.3101497, "PredictionMarketSentinel": 1771322871.6873598, "MicrostructureSentinel": 1770836256.309649, "XSentimentSentinel": 1771352196.8736491, "POST_CYCLE": 1771344977.0805187, "PriceSentinel": 1770918971.7756524}, "recent_triggers": [["3cb8cb87", 1771344286.2906733], ["8f60485e", 1771344319.641395], ["58c81b8e", 1771351296.869362], ["86f46986", 1771351303.2978787]], "metrics": {"total_triggers": 9, "filtered_global_cooldown": 0, "filtered_post_cycle": 0, "filtered_source_cooldown": 0, "filtered_duplicate_content": 0, "processed": 9, "_last_reset_date": "2026-02-17"}}