{"cooldowns": {"WeatherSentinel": 1771505159.579858, "MacroContagionSentinel": 1771505166.0390735, "PredictionMarketSentinel": 1771322871.6873598, "MicrostructureSentinel": 1770836256.309649, "XSentimentSentinel": 1771430927.2178955, "POST_CYCLE": 1771505106.7175937, "PriceSentinel": 1771427350.1640053}, "recent_triggers": [["f0cb6cee", 1771504259.57633], ["5d3d7d8b", 1771504266.0363467]], "metrics": {"total_triggers": 8, "filtered_global_cooldown": 0, "filtered_post_cycle": 0, "filtered_source_cooldown": 0, "filtered_duplicate_content": 0, "processed": 8, "_last_reset_date": "2026-02-18"}}