{"cooldowns": {"WeatherSentinel": 1772038006.6472306, "MacroContagionSentinel": 1772038016.903338, "PredictionMarketSentinel": 1771322871.6873598, "MicrostructureSentinel": 1770836256.309649, "XSentimentSentinel": 1772041795.88811, "POST_CYCLE": 1772038120.5311878, "PriceSentinel": 1771945108.0351262}, "recent_triggers": [["778f5933", 1772035472.2439086], ["854bf74f", 1772037106.6445594], ["bc0ed2cf", 1772037116.8938267], ["b2264428", 1772040895.8844893]], "metrics": {"total_triggers": 42, "filtered_global_cooldown": 0, "filtered_post_cycle": 0, "filtered_source_cooldown": 0, "filtered_duplicate_content": 0, "processed": 42, "_last_reset_date": "2026-02-18"}}