{"cooldowns": {"WeatherSentinel": 1771850778.5535522, "MacroContagionSentinel": 1771850790.5999722, "PredictionMarketSentinel": 1771322871.6873598, "MicrostructureSentinel": 1770836256.309649, "XSentimentSentinel": 1771858067.8618066, "POST_CYCLE": 1771857651.0949361, "PriceSentinel": 1771523189.7680042}, "recent_triggers": [["0515e94b", 1771851725.7315872], ["4916ff76", 1771857167.8594842]], "metrics": {"total_triggers": 25, "filtered_global_cooldown": 0, "filtered_post_cycle": 0, "filtered_source_cooldown": 0, "filtered_duplicate_content": 0, "processed": 25, "_last_reset_date": "2026-02-18"}}