{"cooldowns": {"WeatherSentinel": 1772109923.6968706, "MacroContagionSentinel": 1772038016.903338, "PredictionMarketSentinel": 1771322871.6873598, "MicrostructureSentinel": 1770836256.309649, "XSentimentSentinel": 1772106376.4924598, "POST_CYCLE": 1772109603.124157, "PriceSentinel": 1771945108.0351262}, "recent_triggers": [["0d1dd319", 1772105476.4896924], ["fa0f09e9", 1772109023.693633]], "metrics": {"total_triggers": 44, "filtered_global_cooldown": 0, "filtered_post_cycle": 0, "filtered_source_cooldown": 0, "filtered_duplicate_content": 0, "processed": 44, "_last_reset_date": "2026-02-18"}}