{"cooldowns": {"WeatherSentinel": 1771591590.6278708, "MacroContagionSentinel": 1771591599.0318282, "PredictionMarketSentinel": 1771322871.6873598, "MicrostructureSentinel": 1770836256.309649, "XSentimentSentinel": 1771609754.6407006, "POST_CYCLE": 1771603907.2693129, "PriceSentinel": 1771523189.7680042}, "recent_triggers": [["3351ab70", 1771603450.2203188], ["1d05132e", 1771608854.63822]], "metrics": {"total_triggers": 20, "filtered_global_cooldown": 0, "filtered_post_cycle": 0, "filtered_source_cooldown": 0, "filtered_duplicate_content": 0, "processed": 20, "_last_reset_date": "2026-02-18"}}