{"cooldowns": {"WeatherSentinel": 1770886292.5740306, "MacroContagionSentinel": 1770900743.726346, "PredictionMarketSentinel": 1770836015.048949, "MicrostructureSentinel": 1770836256.309649, "XSentimentSentinel": 1770909790.9738023, "POST_CYCLE": 1770909338.197525}, "recent_triggers": [["1e628d7f", 1770903485.5221982], ["31c65d45", 1770908890.97098]], "metrics": {"total_triggers": 6, "filtered_global_cooldown": 0, "filtered_post_cycle": 0, "filtered_source_cooldown": 0, "filtered_duplicate_content": 0, "processed": 6, "_last_reset_date": "2026-02-12"}}