{"cooldowns": {"WeatherSentinel": 1771937128.6671536, "MacroContagionSentinel": 1771951583.5986855, "PredictionMarketSentinel": 1771322871.6873598, "MicrostructureSentinel": 1770836256.309649, "XSentimentSentinel": 1771955314.7840848, "POST_CYCLE": 1771951261.47672, "PriceSentinel": 1771945108.0351262}, "recent_triggers": [["eb681382", 1771948985.553287], ["d50efc59", 1771950683.595697], ["da3d241a", 1771954414.7807386]], "metrics": {"total_triggers": 34, "filtered_global_cooldown": 0, "filtered_post_cycle": 0, "filtered_source_cooldown": 0, "filtered_duplicate_content": 0, "processed": 34, "_last_reset_date": "2026-02-18"}}