{"cooldowns": {"WeatherSentinel": 1773229547.8343093, "MacroContagionSentinel": 1773045930.2435298, "PredictionMarketSentinel": 1773057082.4631863, "MicrostructureSentinel": 1773159280.4898345, "XSentimentSentinel": 1772803067.3402216, "POST_CYCLE": 1773230599.8842757, "PriceSentinel": 1771945108.0351262, "LogisticsSentinel": 1773067562.937959}, "recent_triggers": [["70bce98b", 1773228647.8304408]], "metrics": {"total_triggers": 3, "filtered_global_cooldown": 0, "filtered_post_cycle": 0, "filtered_source_cooldown": 0, "filtered_duplicate_content": 0, "processed": 3, "_last_reset_date": "2026-03-10"}}