{"cooldowns": {"WeatherSentinel": 1771591590.6278708, "MacroContagionSentinel": 1771591599.0318282, "PredictionMarketSentinel": 1771322871.6873598, "MicrostructureSentinel": 1770836256.309649, "XSentimentSentinel": 1771598944.1909003, "POST_CYCLE": 1771598509.042653, "PriceSentinel": 1771523189.7680042}, "recent_triggers": [["fc9414a7", 1771592594.0071979], ["a7b60498", 1771598044.188734]], "metrics": {"total_triggers": 18, "filtered_global_cooldown": 0, "filtered_post_cycle": 0, "filtered_source_cooldown": 0, "filtered_duplicate_content": 0, "processed": 18, "_last_reset_date": "2026-02-18"}}