{"cooldowns": {"WeatherSentinel": 1770886292.5740306, "MacroContagionSentinel": 1770900743.726346, "PredictionMarketSentinel": 1770836015.048949, "MicrostructureSentinel": 1770836256.309649, "XSentimentSentinel": 1770904385.5269177, "POST_CYCLE": 1770903946.193016, "GLOBAL": 1770905400.0019717}, "recent_triggers": [["60f57f3f", 1770898077.6320171], ["4f92207c", 1770899843.7186155], ["1e628d7f", 1770903485.5221982]], "metrics": {"total_triggers": 5, "filtered_global_cooldown": 0, "filtered_post_cycle": 0, "filtered_source_cooldown": 0, "filtered_duplicate_content": 0, "processed": 5, "_last_reset_date": "2026-02-12"}}