{"cooldowns": {"WeatherSentinel": 1770834466.5002105, "MacroContagionSentinel": 1770834510.696413, "PredictionMarketSentinel": 1770836015.048949, "MicrostructureSentinel": 1770836256.309649}, "recent_triggers": [["fa007216", 1770833566.4957], ["20d0529e", 1770833610.6940715], ["94839260", 1770834215.046656], ["4174fe3e", 1770834456.0017443]], "metrics": {"total_triggers": 4, "filtered_global_cooldown": 0, "filtered_post_cycle": 0, "filtered_source_cooldown": 0, "filtered_duplicate_content": 0, "processed": 4, "_last_reset_date": "2026-02-11"}}