{"cooldowns": {"WeatherSentinel": 1773315965.128775, "MacroContagionSentinel": 1773330426.0450459, "PredictionMarketSentinel": 1773057082.4631863, "MicrostructureSentinel": 1773159280.4898345, "XSentimentSentinel": 1773334130.9337685, "POST_CYCLE": 1773330063.2666147, "PriceSentinel": 1771945108.0351262, "LogisticsSentinel": 1773067562.937959}, "recent_triggers": [["0397f95f", 1773327855.6899178], ["ad318096", 1773329526.0365148], ["edf8ebab", 1773333230.9306865]], "metrics": {"total_triggers": 8, "filtered_global_cooldown": 0, "filtered_post_cycle": 0, "filtered_source_cooldown": 0, "filtered_duplicate_content": 0, "processed": 8, "_last_reset_date": "2026-03-10"}}