{"cooldowns": {"WeatherSentinel": 1770922291.6326206, "MacroContagionSentinel": 1770922734.1520517, "PredictionMarketSentinel": 1770836015.048949, "MicrostructureSentinel": 1770836256.309649, "XSentimentSentinel": 1770986259.5611796, "POST_CYCLE": 1770985760.7253075, "PriceSentinel": 1770918971.7756524}, "recent_triggers": [["9b17a80f", 1770985359.5587678]], "metrics": {"total_triggers": 1, "filtered_global_cooldown": 0, "filtered_post_cycle": 0, "filtered_source_cooldown": 0, "filtered_duplicate_content": 0, "processed": 1, "_last_reset_date": "2026-02-13"}}