{"cooldowns": {"WeatherSentinel": 1771937128.6671536, "MacroContagionSentinel": 1771850790.5999722, "PredictionMarketSentinel": 1771322871.6873598, "MicrostructureSentinel": 1770836256.309649, "XSentimentSentinel": 1771933582.9698987, "POST_CYCLE": 1771944662.538631, "PriceSentinel": 1771945108.0351262}, "recent_triggers": [["2cff68c3", 1771944208.0309303]], "metrics": {"total_triggers": 31, "filtered_global_cooldown": 0, "filtered_post_cycle": 0, "filtered_source_cooldown": 0, "filtered_duplicate_content": 0, "processed": 31, "_last_reset_date": "2026-02-18"}}