{"cooldowns": {"WeatherSentinel": 1772556410.2306194, "MacroContagionSentinel": 1772469975.8632455, "PredictionMarketSentinel": 1772540214.7071686, "MicrostructureSentinel": 1772194191.225778, "XSentimentSentinel": 1772554719.495089, "POST_CYCLE": 1772557564.0767398, "PriceSentinel": 1771945108.0351262}, "recent_triggers": [["4d005124", 1772548419.8201144], ["8befc3ae", 1772553819.4926112], ["42baecec", 1772555510.2286453]], "metrics": {"total_triggers": 21, "filtered_global_cooldown": 0, "filtered_post_cycle": 2, "filtered_source_cooldown": 1, "filtered_duplicate_content": 0, "processed": 18, "_last_reset_date": "2026-02-27"}}