{"cooldowns": {"WeatherSentinel": 1771345186.2946591, "MacroContagionSentinel": 1771345219.6496346, "PredictionMarketSentinel": 1771322871.6873598, "MicrostructureSentinel": 1770836256.309649, "XSentimentSentinel": 1771342809.3509836, "POST_CYCLE": 1771344977.0805187, "PriceSentinel": 1770918971.7756524}, "recent_triggers": [["acae4918", 1771341909.343019], ["3cb8cb87", 1771344286.2906733], ["8f60485e", 1771344319.641395]], "metrics": {"total_triggers": 7, "filtered_global_cooldown": 0, "filtered_post_cycle": 0, "filtered_source_cooldown": 0, "filtered_duplicate_content": 0, "processed": 7, "_last_reset_date": "2026-02-17"}}