{"cooldowns": {"WeatherSentinel": 1771412753.003842, "MacroContagionSentinel": 1771412763.539474, "PredictionMarketSentinel": 1771322871.6873598, "MicrostructureSentinel": 1770836256.309649, "XSentimentSentinel": 1771420030.34174, "POST_CYCLE": 1771426911.7697525, "PriceSentinel": 1771427350.1640053}, "recent_triggers": [["2a6a19b6", 1771426450.1585603]], "metrics": {"total_triggers": 5, "filtered_global_cooldown": 0, "filtered_post_cycle": 0, "filtered_source_cooldown": 0, "filtered_duplicate_content": 0, "processed": 5, "_last_reset_date": "2026-02-18"}}