{"daily_spend": 1.21283495, "cost_by_source": {"sentinel/NewsSentinel": 0.00044300000000000003, "sentinel/XSentimentSentinel(grok)": 0.005317200000000001, "topic_discovery": 0.004412999999999999, "council/grounded_data": 0.08212949999999998, "router/macro": 0.1435035, "router/agronomist": 0.06392600000000001, "router/geopolitical": 0.049168, "router/supply_chain": 0.0032733, "router/inventory": 0.14230800000000002, "router/sentiment": 0.0029471000000000002, "router/technical": 0.10427199999999999, "router/volatility": 0.0031896000000000008, "router/permabear": 0.338358, "router/permabull": 0.0116285, "router/master": 0.15847825, "router/compliance": 0.09947999999999999}, "request_count": 157, "last_reset_date": "2026-03-16", "budget_hit": false, "warning_sent": false, "x_api_calls": 10, "x_api_cost": 0.035}