{"daily_spend": 2.161941999999999, "cost_by_source": {"sentinel/NewsSentinel": 0.0012745, "topic_discovery": 0.004749000000000001, "sentinel/XSentimentSentinel(grok)": 0.0069942, "council/grounded_data": 0.16165350000000006, "router/macro": 0.24079475000000003, "router/agronomist": 0.09653399999999998, "router/geopolitical": 0.10864399999999999, "router/supply_chain": 0.0066085, "router/sentiment": 0.0068785999999999995, "router/inventory": 0.45527100000000004, "router/technical": 0.18019199999999996, "router/volatility": 0.007533399999999999, "router/permabear": 0.377832, "router/permabull": 0.017194300000000003, "router/master": 0.24271975, "router/compliance": 0.24416699999999997, "router/trade_analyst": 0.0029015}, "request_count": 262, "last_reset_date": "2026-03-18", "budget_hit": false, "warning_sent": false, "x_api_calls": 10, "x_api_cost": 0.035}