{"daily_spend": 0.008443200000000001, "cost_by_source": {"sentinel/NewsSentinel": 0.00044300000000000003, "sentinel/XSentimentSentinel(grok)": 0.003587200000000001, "topic_discovery": 0.004412999999999999}, "request_count": 30, "last_reset_date": "2026-03-16", "budget_hit": false, "warning_sent": false, "x_api_calls": 7, "x_api_cost": 0.0245}