{"daily_spend": 0.006836300000000001, "cost_by_source": {"sentinel/NewsSentinel": 0.0005840000000000001, "topic_discovery": 0.0043950000000000005, "sentinel/XSentimentSentinel(grok)": 0.0016983000000000002, "sentinel/MacroContagionSentinel": 0.000159}, "request_count": 23, "last_reset_date": "2026-03-17", "budget_hit": false, "warning_sent": false, "x_api_calls": 3, "x_api_cost": 0.0105}