{"daily_spend": 1.1518120499999998, "cost_by_source": {"sentinel/NewsSentinel": 0.0011660000000000002, "topic_discovery": 0.0043950000000000005, "sentinel/XSentimentSentinel(grok)": 0.005152899999999999, "sentinel/MacroContagionSentinel": 0.000159, "council/grounded_data": 0.0810295, "router/agronomist": 0.05065, "router/macro": 0.127099, "router/geopolitical": 0.057972, "router/inventory": 0.2142, "router/supply_chain": 0.0042045, "router/sentiment": 0.0032607, "router/technical": 0.11643000000000002, "router/volatility": 0.004109300000000001, "router/permabear": 0.256242, "router/permabull": 0.0093199, "router/master": 0.13434225, "router/compliance": 0.08208}, "request_count": 148, "last_reset_date": "2026-03-17", "budget_hit": false, "warning_sent": false, "x_api_calls": 9, "x_api_cost": 0.0315}