{"daily_spend": 2.1312693499999993, "cost_by_source": {"sentinel/NewsSentinel": 0.0011660000000000002, "topic_discovery": 0.0043950000000000005, "sentinel/XSentimentSentinel(grok)": 0.005152899999999999, "sentinel/MacroContagionSentinel": 0.000159, "council/grounded_data": 0.16039749999999997, "router/agronomist": 0.10884, "router/macro": 0.26001325000000003, "router/geopolitical": 0.09942600000000001, "router/inventory": 0.44949, "router/supply_chain": 0.0085695, "router/sentiment": 0.007580700000000001, "router/technical": 0.22167800000000001, "router/volatility": 0.008570300000000001, "router/permabear": 0.39474600000000004, "router/permabull": 0.0155582, "router/master": 0.220731, "router/compliance": 0.16479600000000003}, "request_count": 245, "last_reset_date": "2026-03-17", "budget_hit": false, "warning_sent": false, "x_api_calls": 9, "x_api_cost": 0.0315}