{"daily_spend": 0.9990125500000002, "cost_by_source": {"sentinel/NewsSentinel": 0.0008885000000000002, "topic_discovery": 0.0043950000000000005, "sentinel/XSentimentSentinel(grok)": 0.0034622000000000003, "sentinel/MacroContagionSentinel": 0.000159, "council/grounded_data": 0.078115, "router/agronomist": 0.05065, "router/macro": 0.127099, "router/geopolitical": 0.057972, "router/inventory": 0.2142, "router/supply_chain": 0.0042045, "router/sentiment": 0.0032607, "router/technical": 0.09478600000000001, "router/volatility": 0.004109300000000001, "router/permabear": 0.16044, "router/permabull": 0.0073041, "router/master": 0.10588725, "router/compliance": 0.08208}, "request_count": 132, "last_reset_date": "2026-03-17", "budget_hit": false, "warning_sent": false, "x_api_calls": 6, "x_api_cost": 0.021}