{"daily_spend": 1.1601862999999997, "cost_by_source": {"topic_discovery": 0.004445999999999999, "sentinel/NewsSentinel": 0.0017565, "sentinel/XSentimentSentinel(grok)": 0.0036268000000000003, "council/grounded_data": 0.14722300000000002, "router/technical": 0.08569400000000002, "router/permabull": 0.047609000000000005, "router/permabear": 0.18179260000000003, "router/master": 0.12902224999999998, "router/supply_chain": 0.004314900000000001, "router/sentiment": 0.0034821, "router/agronomist": 0.049044, "router/geopolitical": 0.05639200000000001, "router/macro": 0.13099975, "router/inventory": 0.19968300000000003, "router/volatility": 0.0030744, "router/compliance": 0.112026}, "request_count": 144, "last_reset_date": "2026-03-19", "budget_hit": false, "warning_sent": false, "x_api_calls": 6, "x_api_cost": 0.021}