{"daily_spend": 2.1579688500000014, "cost_by_source": {"topic_discovery": 0.004445999999999999, "sentinel/NewsSentinel": 0.002455, "sentinel/XSentimentSentinel(grok)": 0.008858600000000001, "council/grounded_data": 0.289025, "router/technical": 0.17241000000000006, "router/permabull": 0.08853040000000001, "router/permabear": 0.3096318, "router/master": 0.23394524999999997, "router/supply_chain": 0.008282800000000002, "router/sentiment": 0.0062886, "router/agronomist": 0.105072, "router/geopolitical": 0.10970800000000001, "router/macro": 0.2652615, "router/inventory": 0.399411, "router/volatility": 0.006968199999999999, "router/compliance": 0.14465100000000003, "router/trade_analyst": 0.0030237}, "request_count": 282, "last_reset_date": "2026-03-19", "budget_hit": false, "warning_sent": false, "x_api_calls": 15, "x_api_cost": 0.05250000000000002}