{"daily_spend": 2.2356525499999997, "cost_by_source": {"sentinel/NewsSentinel": 0.0014685000000000002, "topic_discovery": 0.0043950000000000005, "sentinel/XSentimentSentinel(grok)": 0.0068825, "sentinel/MacroContagionSentinel": 0.000159, "council/grounded_data": 0.16039749999999997, "router/agronomist": 0.10884, "router/macro": 0.26001325000000003, "router/geopolitical": 0.09942600000000001, "router/inventory": 0.44949, "router/supply_chain": 0.0085695, "router/sentiment": 0.007580700000000001, "router/technical": 0.22167800000000001, "router/volatility": 0.008570300000000001, "router/permabear": 0.43651500000000004, "router/permabull": 0.0173088, "router/master": 0.24907050000000003, "router/compliance": 0.19528800000000002}, "request_count": 259, "last_reset_date": "2026-03-17", "budget_hit": false, "warning_sent": false, "x_api_calls": 12, "x_api_cost": 0.04200000000000001}