{"daily_spend": 2.160295450000001, "cost_by_source": {"sentinel/NewsSentinel": 0.00044300000000000003, "sentinel/XSentimentSentinel(grok)": 0.005317200000000001, "topic_discovery": 0.004412999999999999, "council/grounded_data": 0.15944400000000003, "router/macro": 0.26736325, "router/agronomist": 0.13299599999999998, "router/geopolitical": 0.09541200000000001, "router/supply_chain": 0.007266299999999999, "router/inventory": 0.32460600000000006, "router/sentiment": 0.0072484, "router/technical": 0.20881999999999995, "router/volatility": 0.007262400000000001, "router/permabear": 0.49287899999999996, "router/permabull": 0.0183604, "router/master": 0.2567145, "router/compliance": 0.17174999999999999}, "request_count": 258, "last_reset_date": "2026-03-16", "budget_hit": false, "warning_sent": false, "x_api_calls": 10, "x_api_cost": 0.035}