{"daily_spend": 0.11807435, "cost_by_source": {"topic_discovery": 0.004445999999999999, "sentinel/NewsSentinel": 0.0017565, "sentinel/XSentimentSentinel(grok)": 0.0018407, "council/grounded_data": 0.0058200000000000005, "router/technical": 0.020304000000000003, "router/permabull": 0.0014239, "router/permabear": 0.053378999999999996, "router/master": 0.029104249999999998}, "request_count": 32, "last_reset_date": "2026-03-19", "budget_hit": false, "warning_sent": false, "x_api_calls": 3, "x_api_cost": 0.0105}