{"daily_spend": 1.1057063, "cost_by_source": {"sentinel/NewsSentinel": 0.000804, "topic_discovery": 0.002214, "sentinel/XSentimentSentinel(grok)": 0.0035061000000000007, "council/grounded_data": 0.163688, "router/geopolitical": 0.051774, "router/agronomist": 0.05036, "router/supply_chain": 0.003759, "router/volatility": 0.0043604, "router/technical": 0.09407, "router/inventory": 0.17589599999999997, "router/macro": 0.13164199999999998, "router/sentiment": 0.0038832000000000003, "router/permabull": 0.0978623, "router/permabear": 0.1303463, "router/master": 0.103425, "router/compliance": 0.088116}, "request_count": 135, "last_reset_date": "2026-03-20", "budget_hit": false, "warning_sent": false, "x_api_calls": 6, "x_api_cost": 0.021}