{"daily_spend": 1.0141592499999998, "cost_by_source": {"sentinel/NewsSentinel": 0.000943, "topic_discovery": 0.004749000000000001, "sentinel/XSentimentSentinel(grok)": 0.0052022, "council/grounded_data": 0.07741850000000003, "router/macro": 0.13986175, "router/agronomist": 0.053481999999999995, "router/geopolitical": 0.054332, "router/supply_chain": 0.0033468000000000005, "router/sentiment": 0.0028334, "router/inventory": 0.180846, "router/technical": 0.08683399999999998, "router/volatility": 0.0042675, "router/permabear": 0.16581600000000002, "router/permabull": 0.007695100000000001, "router/master": 0.106232, "router/compliance": 0.12029999999999999}, "request_count": 139, "last_reset_date": "2026-03-18", "budget_hit": false, "warning_sent": false, "x_api_calls": 7, "x_api_cost": 0.0245}