{"daily_spend": 1.35390625, "cost_by_source": {"sentinel/NewsSentinel": 0.0013275000000000001, "topic_discovery": 0.002214, "sentinel/XSentimentSentinel(grok)": 0.0071529, "council/grounded_data": 0.196211, "router/geopolitical": 0.051774, "router/agronomist": 0.06286599999999999, "router/supply_chain": 0.003759, "router/volatility": 0.005916800000000001, "router/technical": 0.118046, "router/inventory": 0.17589599999999997, "router/macro": 0.16072175, "router/sentiment": 0.0054108, "router/permabull": 0.1872953, "router/permabear": 0.1329522, "router/master": 0.15358349999999998, "router/compliance": 0.088116, "sentinel/MacroContagionSentinel": 0.0006635}, "request_count": 175, "last_reset_date": "2026-03-20", "budget_hit": false, "warning_sent": false, "x_api_calls": 12, "x_api_cost": 0.04200000000000001}