{"daily_spend": 1.0843327999999999, "cost_by_source": {"sentinel/NewsSentinel": 0.0012745, "topic_discovery": 0.004749000000000001, "sentinel/XSentimentSentinel(grok)": 0.0052022, "council/grounded_data": 0.08065500000000003, "router/macro": 0.13986175, "router/agronomist": 0.053481999999999995, "router/geopolitical": 0.054332, "router/supply_chain": 0.0033468000000000005, "router/sentiment": 0.0038891999999999998, "router/inventory": 0.180846, "router/technical": 0.08683399999999998, "router/volatility": 0.0042675, "router/permabear": 0.20434800000000003, "router/permabull": 0.0094201, "router/master": 0.13152475, "router/compliance": 0.12029999999999999}, "request_count": 146, "last_reset_date": "2026-03-18", "budget_hit": false, "warning_sent": false, "x_api_calls": 7, "x_api_cost": 0.0245}