{"daily_spend": 0.008904700000000002, "cost_by_source": {"sentinel/NewsSentinel": 0.0008885000000000002, "topic_discovery": 0.0043950000000000005, "sentinel/XSentimentSentinel(grok)": 0.0034622000000000003, "sentinel/MacroContagionSentinel": 0.000159}, "request_count": 32, "last_reset_date": "2026-03-17", "budget_hit": false, "warning_sent": false, "x_api_calls": 6, "x_api_cost": 0.021}