{
  "agent_scores": {
    "agronomist": {
      "HIGH_VOL": [
        0.9,
        0.9,
        0.9,
        0.9,
        0.0,
        0.0,
        0.0,
        0.9,
        0.9,
        0.0,
        0.9,
        0.0,
        0.9,
        0.0,
        0.9,
        0.0,
        0.0,
        0.0,
        0.0,
        0.0,
        -0.9,
        0.0,
        0.825,
        0.825,
        0.0,
        0.825,
        0.825,
        0.0,
        0.825,
        0.9,
        0.0,
        -0.9
      ],
      "TRENDING_UP": [
        0.0
      ],
      "RANGE_BOUND": [
        0.675,
        0.0,
        0.0,
        0.0,
        0.0
      ]
    },
    "macro": {
      "HIGH_VOL": [
        0.0,
        0.0,
        0.0,
        0.0,
        0.0,
        0.0,
        0.0,
        0.0,
        0.0,
        0.0,
        0.0,
        0.0,
        0.6187499999999999,
        0.0,
        0.0,
        0.0,
        0.0,
        0.0,
        0.0,
        0.0,
        0.0,
        0.0,
        0.6187499999999999,
        0.0,
        0.0,
        0.0,
        0.672375,
        0.0,
        0.672375,
        0.631625,
        0.631625,
        0.0,
        0.0,
        0.0,
        0.0,
        0.0
      ],
      "TRENDING_UP": [
        0.0,
        0.0
      ],
      "RANGE_BOUND": [
        0.0,
        0.0,
        0.0,
        0.0,
        0.0
      ]
    },
    "geopolitical": {
      "HIGH_VOL": [
        -0.675,
        -0.675,
        -0.675,
        -0.675,
        0.0,
        0.0,
        0.0,
        -0.675,
        -0.675,
        0.0,
        -0.675,
        0.0,
        -0.675,
        -0.675,
        0.675,
        0.0,
        -0.12600000000000003,
        0.1155,
        0.0,
        0.0,
        -0.1155,
        0.0,
        0.12600000000000003,
        0.0,
        0.0,
        0.0,
        0.0,
        -0.21037499999999998,
        -0.21037499999999998,
        0.0,
        0.0,
        0.441,
        0.0,
        0.441
      ],
      "TRENDING_UP": [
        0.0,
        0.0
      ],
      "RANGE_BOUND": [
        -0.675,
        -0.22275,
        0.0,
        0.0,
        0.0
      ]
    },
    "supply_chain": {
      "HIGH_VOL": [
        0.6187499999999999,
        -0.675,
        -0.6187499999999999,
        -0.675,
        0.0,
        0.0,
        0.0,
        -0.6187499999999999,
        -0.675,
        0.0,
        -0.675,
        0.0,
        -0.675,
        0.0,
        -0.675,
        0.0,
        0.6187499999999999,
        0.0,
        -0.30600000000000005,
        0.30600000000000005,
        0.0,
        0.0,
        -0.30600000000000005,
        0.0,
        0.30600000000000005,
        0.0,
        -0.342375,
        0.3735,
        0.0,
        -0.321625,
        0.321625,
        0.0,
        0.0,
        -0.47024999999999995,
        0.0,
        0.44175
      ],
      "TRENDING_UP": [
        0.0,
        0.0
      ],
      "RANGE_BOUND": [
        -0.675,
        0.0,
        0.0,
        0.0,
        0.0
      ]
    },
    "inventory": {
      "HIGH_VOL": [
        0.58125,
        0.0,
        0.58125,
        0.0,
        0.0,
        0.0,
        0.0,
        0.58125,
        0.58125,
        0.0,
        0.58125,
        0.0,
        0.58125,
        0.0,
        0.58125,
        0.58125,
        -0.58125,
        0.0,
        0.775,
        -0.775,
        0.0,
        0.0,
        0.825,
        0.0,
        -0.825,
        0.0,
        0.775,
        0.825,
        0.825,
        0.775,
        -0.775,
        0.0,
        0.76725,
        0.76725,
        0.0,
        -0.76725
      ],
      "TRENDING_UP": [
        0.0,
        0.0
      ],
      "RANGE_BOUND": [
        0.58125,
        0.775,
        0.0,
        0.0,
        0.0
      ]
    },
    "sentiment": {
      "HIGH_VOL": [
        -0.6187499999999999,
        0.58125,
        0.58125,
        0.58125,
        0.0,
        0.0,
        0.0,
        0.675,
        0.0,
        0.0,
        0.675,
        0.0,
        0.0,
        0.0,
        0.675,
        0.6187499999999999,
        -0.6187499999999999,
        0.0,
        0.0,
        0.0,
        0.0,
        0.0,
        0.9,
        0.0,
        0.0,
        0.0,
        0.0,
        0.0,
        0.0,
        -0.825,
        0.825,
        0.0,
        0.882,
        -0.7595,
        0.0,
        0.0
      ],
      "TRENDING_UP": [
        0.0,
        0.0
      ],
      "RANGE_BOUND": [
        0.0,
        0.0,
        0.0,
        0.0,
        0.0
      ]
    },
    "technical": {
      "HIGH_VOL": [
        0.433125,
        0.0,
        0.433125,
        0.433125,
        0.0,
        0.0,
        0.0,
        0.433125,
        0.433125,
        0.0,
        0.0,
        0.0,
        0.433125,
        0.0,
        0.0,
        0.433125,
        0.0,
        0.0,
        0.614625,
        -0.614625,
        0.0,
        0.0,
        0.614625,
        0.0,
        -0.614625,
        0.0,
        0.0,
        0.0,
        0.0,
        0.0,
        0.5774999999999999,
        0.0,
        0.0,
        0.0,
        0.0,
        0.0
      ],
      "TRENDING_UP": [
        0.0,
        0.0
      ],
      "RANGE_BOUND": [
        0.825,
        0.0,
        0.0,
        0.0,
        0.0
      ]
    },
    "volatility": {
      "HIGH_VOL": [
        0.0,
        0.0,
        -0.825,
        0.0,
        0.0,
        0.0,
        0.0,
        0.0,
        0.825,
        0.0,
        0.0,
        0.0,
        0.0,
        0.0,
        0.9,
        0.0,
        0.0,
        0.0,
        0.9,
        -0.825,
        0.0,
        0.0,
        0.825,
        0.0,
        0.0,
        0.0,
        0.0,
        0.0,
        0.0,
        0.0,
        0.0,
        0.0,
        0.0,
        0.0,
        0.0,
        0.0
      ],
      "TRENDING_UP": [
        0.0,
        0.0
      ],
      "RANGE_BOUND": [
        0.0,
        0.0,
        0.0,
        0.0,
        0.0
      ]
    },
    "master_decision": {
      "HIGH_VOL": [
        0.45,
        0.45,
        0.45,
        0.45,
        0.0,
        0.0,
        0.0,
        0.45,
        0.45,
        0.0,
        0.45,
        0.0,
        0.45,
        0.0,
        0.45,
        0.45,
        -0.45,
        0.0,
        0.45,
        -0.45,
        0.0,
        0.0,
        0.45,
        0.0,
        -0.45,
        0.0,
        0.45,
        0.45,
        0.45,
        0.45,
        0.45,
        0.0,
        0.45,
        0.45,
        0.0,
        -0.45
      ],
      "TRENDING_UP": [
        0.0,
        0.0
      ],
      "RANGE_BOUND": [
        0.45,
        0.45,
        0.0,
        0.0,
        0.0
      ]
    }
  },
  "last_updated": "2026-03-20T18:40:58.670440+00:00"
}