{
  "agent_scores": {
    "agronomist": {
      "HIGH_VOL": [
        0.9,
        0.9,
        0.9,
        0.9,
        0.0,
        0.0,
        0.0,
        0.9,
        0.9,
        0.0,
        0.9,
        0.0,
        0.9,
        0.0,
        0.9,
        0.0,
        0.0,
        0.0,
        0.0,
        0.0,
        -0.9
      ],
      "TRENDING_UP": [
        0.0
      ],
      "RANGE_BOUND": [
        0.675
      ]
    },
    "macro": {
      "HIGH_VOL": [
        0.0,
        0.0,
        0.0,
        0.0,
        0.0,
        0.0,
        0.0,
        0.0,
        0.0,
        0.0,
        0.0,
        0.0,
        0.6187499999999999,
        0.0,
        0.0,
        0.0,
        0.0,
        0.0,
        0.0,
        0.0,
        0.0,
        0.0,
        0.6187499999999999,
        0.0,
        0.0
      ],
      "TRENDING_UP": [
        0.0,
        0.0
      ],
      "RANGE_BOUND": [
        0.0
      ]
    },
    "geopolitical": {
      "HIGH_VOL": [
        -0.675,
        -0.675,
        -0.675,
        -0.675,
        0.0,
        0.0,
        0.0,
        -0.675,
        -0.675,
        0.0,
        -0.675,
        0.0,
        -0.675,
        -0.675,
        0.675,
        0.0,
        -0.12600000000000003,
        0.1155,
        0.0,
        0.0,
        -0.1155,
        0.0,
        0.12600000000000003
      ],
      "TRENDING_UP": [
        0.0,
        0.0
      ],
      "RANGE_BOUND": [
        -0.675
      ]
    },
    "supply_chain": {
      "HIGH_VOL": [
        0.6187499999999999,
        -0.675,
        -0.6187499999999999,
        -0.675,
        0.0,
        0.0,
        0.0,
        -0.6187499999999999,
        -0.675,
        0.0,
        -0.675,
        0.0,
        -0.675,
        0.0,
        -0.675,
        0.0,
        0.6187499999999999,
        0.0,
        -0.30600000000000005,
        0.30600000000000005,
        0.0,
        0.0,
        -0.30600000000000005,
        0.0,
        0.30600000000000005
      ],
      "TRENDING_UP": [
        0.0,
        0.0
      ],
      "RANGE_BOUND": [
        -0.675
      ]
    },
    "inventory": {
      "HIGH_VOL": [
        0.58125,
        0.0,
        0.58125,
        0.0,
        0.0,
        0.0,
        0.0,
        0.58125,
        0.58125,
        0.0,
        0.58125,
        0.0,
        0.58125,
        0.0,
        0.58125,
        0.58125,
        -0.58125,
        0.0,
        0.775,
        -0.775,
        0.0,
        0.0,
        0.825,
        0.0,
        -0.825
      ],
      "TRENDING_UP": [
        0.0,
        0.0
      ],
      "RANGE_BOUND": [
        0.58125
      ]
    },
    "sentiment": {
      "HIGH_VOL": [
        -0.6187499999999999,
        0.58125,
        0.58125,
        0.58125,
        0.0,
        0.0,
        0.0,
        0.675,
        0.0,
        0.0,
        0.675,
        0.0,
        0.0,
        0.0,
        0.675,
        0.6187499999999999,
        -0.6187499999999999,
        0.0,
        0.0,
        0.0,
        0.0,
        0.0,
        0.9,
        0.0,
        0.0
      ],
      "TRENDING_UP": [
        0.0,
        0.0
      ],
      "RANGE_BOUND": [
        0.0
      ]
    },
    "technical": {
      "HIGH_VOL": [
        0.433125,
        0.0,
        0.433125,
        0.433125,
        0.0,
        0.0,
        0.0,
        0.433125,
        0.433125,
        0.0,
        0.0,
        0.0,
        0.433125,
        0.0,
        0.0,
        0.433125,
        0.0,
        0.0,
        0.614625,
        -0.614625,
        0.0,
        0.0,
        0.614625,
        0.0,
        -0.614625
      ],
      "TRENDING_UP": [
        0.0,
        0.0
      ],
      "RANGE_BOUND": [
        0.825
      ]
    },
    "volatility": {
      "HIGH_VOL": [
        0.0,
        0.0,
        -0.825,
        0.0,
        0.0,
        0.0,
        0.0,
        0.0,
        0.825,
        0.0,
        0.0,
        0.0,
        0.0,
        0.0,
        0.9,
        0.0,
        0.0,
        0.0,
        0.9,
        -0.825,
        0.0,
        0.0,
        0.825,
        0.0,
        0.0
      ],
      "TRENDING_UP": [
        0.0,
        0.0
      ],
      "RANGE_BOUND": [
        0.0
      ]
    },
    "master_decision": {
      "HIGH_VOL": [
        0.45,
        0.45,
        0.45,
        0.45,
        0.0,
        0.0,
        0.0,
        0.45,
        0.45,
        0.0,
        0.45,
        0.0,
        0.45,
        0.0,
        0.45,
        0.45,
        -0.45,
        0.0,
        0.45,
        -0.45,
        0.0,
        0.0,
        0.45,
        0.0,
        -0.45
      ],
      "TRENDING_UP": [
        0.0,
        0.0
      ],
      "RANGE_BOUND": [
        0.45
      ]
    }
  },
  "last_updated": "2026-03-19T18:39:48.459359+00:00"
}