{"cooldowns": {"MicrostructureSentinel": 1773684334.5788357, "PriceSentinel": 1773676098.417557, "POST_CYCLE": 1773676101.4731078}, "recent_triggers": [["016a84c2", 1773675621.7095387], ["a574f03c", 1773676950.355918], ["e4957045", 1773679371.8593454], ["508c1591", 1773682534.560765]], "metrics": {"total_triggers": 31, "filtered_global_cooldown": 1, "filtered_post_cycle": 0, "filtered_source_cooldown": 11, "filtered_duplicate_content": 0, "processed": 19, "_last_reset_date": "2026-03-16"}}