{"cooldowns": {"MicrostructureSentinel": 1774015451.3586624, "PriceSentinel": 1773927930.2175279, "POST_CYCLE": 1774019906.2041225, "NewsSentinel": 1773848942.8411312, "WeatherSentinel": 1774020235.4149816, "MacroContagionSentinel": 1774020247.2842185}, "recent_triggers": [["d55d9d5b", 1774013651.3491156], ["6e9528e4", 1774019335.3769505], ["2e2c81c2", 1774019347.2802942]], "metrics": {"total_triggers": 70, "filtered_global_cooldown": 0, "filtered_post_cycle": 0, "filtered_source_cooldown": 24, "filtered_duplicate_content": 0, "processed": 46, "_last_reset_date": "2026-03-19"}}