{"cooldowns": {"MicrostructureSentinel": 1773854522.2947612, "PriceSentinel": 1773762613.002739, "POST_CYCLE": 1773848476.3463435, "NewsSentinel": 1773848942.8411312}, "recent_triggers": [["6ebf8ee5", 1773846766.1234503], ["f75c9df1", 1773848042.837765], ["3e21beed", 1773850222.384684], ["a03cb87f", 1773852722.2846267]], "metrics": {"total_triggers": 78, "filtered_global_cooldown": 3, "filtered_post_cycle": 0, "filtered_source_cooldown": 28, "filtered_duplicate_content": 0, "processed": 47, "_last_reset_date": "2026-03-16"}}