{"cooldowns": {"MicrostructureSentinel": 1773750503.4696794, "PriceSentinel": 1773676098.417557, "POST_CYCLE": 1773676101.4731078}, "recent_triggers": [["348cf030", 1773741859.998344], ["c82e9204", 1773745177.8259192], ["5e86335f", 1773747044.4754837], ["3654171e", 1773748703.459092]], "metrics": {"total_triggers": 44, "filtered_global_cooldown": 1, "filtered_post_cycle": 0, "filtered_source_cooldown": 17, "filtered_duplicate_content": 0, "processed": 26, "_last_reset_date": "2026-03-16"}}