{"cooldowns": {"MicrostructureSentinel": 1774023383.8505821, "PriceSentinel": 1773927930.2175279, "POST_CYCLE": 1774019906.2041225, "NewsSentinel": 1773848942.8411312, "WeatherSentinel": 1774020235.4149816, "MacroContagionSentinel": 1774020247.2842185}, "recent_triggers": [["6e9528e4", 1774019335.3769505], ["2e2c81c2", 1774019347.2802942], ["637ea81d", 1774021583.836095], ["180f0544", 1774023286.9647472], ["08c193f9", 1774023287.0249388], ["93d73bee", 1774023287.0880454], ["0635d36d", 1774023287.142443], ["08086829", 1774023287.20686], ["67ccde81", 1774023287.2620869], ["b631a2a1", 1774023287.302978], ["a93f5318", 1774023287.3454251], ["8808cade", 1774023287.3828204], ["f5d228b7", 1774023287.4223015]], "metrics": {"total_triggers": 83, "filtered_global_cooldown": 0, "filtered_post_cycle": 1, "filtered_source_cooldown": 25, "filtered_duplicate_content": 0, "processed": 57, "_last_reset_date": "2026-03-19"}}