{"cooldowns": {"MicrostructureSentinel": 1773940177.1349332, "PriceSentinel": 1773927930.2175279, "POST_CYCLE": 1773927450.485607, "NewsSentinel": 1773848942.8411312}, "recent_triggers": [["4dfee199", 1773932525.051536], ["b8c84a76", 1773935904.4216886], ["54de0274", 1773938377.1222303]], "metrics": {"total_triggers": 32, "filtered_global_cooldown": 0, "filtered_post_cycle": 0, "filtered_source_cooldown": 12, "filtered_duplicate_content": 0, "processed": 20, "_last_reset_date": "2026-03-19"}}