{"cooldowns": {"MicrostructureSentinel": 1773852022.3971694, "PriceSentinel": 1773762613.002739, "POST_CYCLE": 1773848476.3463435, "NewsSentinel": 1773848942.8411312, "GLOBAL": 1773851640.003815}, "recent_triggers": [["c2e7f1b0", 1773844514.3658853], ["6ebf8ee5", 1773846766.1234503], ["f75c9df1", 1773848042.837765], ["3e21beed", 1773850222.384684]], "metrics": {"total_triggers": 76, "filtered_global_cooldown": 3, "filtered_post_cycle": 0, "filtered_source_cooldown": 27, "filtered_duplicate_content": 0, "processed": 46, "_last_reset_date": "2026-03-16"}}