{"cooldowns": {"MicrostructureSentinel": 1773934325.0639489, "PriceSentinel": 1773927930.2175279, "POST_CYCLE": 1773927450.485607, "NewsSentinel": 1773848942.8411312}, "recent_triggers": [["321dbce0", 1773927030.214032], ["8cc825eb", 1773927451.688576], ["015f7240", 1773930413.4901726], ["4dfee199", 1773932525.051536]], "metrics": {"total_triggers": 29, "filtered_global_cooldown": 0, "filtered_post_cycle": 0, "filtered_source_cooldown": 11, "filtered_duplicate_content": 0, "processed": 18, "_last_reset_date": "2026-03-19"}}