{"cooldowns": {"MicrostructureSentinel": 1773955247.9571788, "PriceSentinel": 1773927930.2175279, "POST_CYCLE": 1773927450.485607, "NewsSentinel": 1773848942.8411312}, "recent_triggers": [["a93f5318", 1773947228.0566976], ["e44fd490", 1773948144.7309887], ["d7c07af7", 1773950313.7949293], ["5c9884a8", 1773953447.9468737]], "metrics": {"total_triggers": 41, "filtered_global_cooldown": 0, "filtered_post_cycle": 0, "filtered_source_cooldown": 15, "filtered_duplicate_content": 0, "processed": 26, "_last_reset_date": "2026-03-19"}}