{"cooldowns": {"MicrostructureSentinel": 1773848566.1357012, "PriceSentinel": 1773762613.002739, "POST_CYCLE": 1773762213.4600322, "NewsSentinel": 1773769713.270175}, "recent_triggers": [["b149c224", 1773842215.8610685], ["c2e7f1b0", 1773844514.3658853], ["6ebf8ee5", 1773846766.1234503]], "metrics": {"total_triggers": 74, "filtered_global_cooldown": 3, "filtered_post_cycle": 0, "filtered_source_cooldown": 27, "filtered_duplicate_content": 0, "processed": 44, "_last_reset_date": "2026-03-16"}}