{"cooldowns": {"MicrostructureSentinel": 1773678750.3697114, "PriceSentinel": 1773676098.417557, "POST_CYCLE": 1773676101.4731078, "GLOBAL": 1773678840.0019538}, "recent_triggers": [["1746beae", 1773671439.8451715], ["3ade8757", 1773675198.4129698], ["016a84c2", 1773675621.7095387], ["a574f03c", 1773676950.355918]], "metrics": {"total_triggers": 26, "filtered_global_cooldown": 0, "filtered_post_cycle": 0, "filtered_source_cooldown": 9, "filtered_duplicate_content": 0, "processed": 17, "_last_reset_date": "2026-03-16"}}