{"cooldowns": {"MicrostructureSentinel": 1773758905.9497, "PriceSentinel": 1773676098.417557, "POST_CYCLE": 1773676101.4731078}, "recent_triggers": [["75c93b3b", 1773755167.8745892], ["9c309ccf", 1773757105.937262]], "metrics": {"total_triggers": 46, "filtered_global_cooldown": 1, "filtered_post_cycle": 0, "filtered_source_cooldown": 17, "filtered_duplicate_content": 0, "processed": 28, "_last_reset_date": "2026-03-16"}}