{"cooldowns": {"MicrostructureSentinel": 1773974677.891459, "PriceSentinel": 1773927930.2175279, "POST_CYCLE": 1773927450.485607, "NewsSentinel": 1773848942.8411312}, "recent_triggers": [["99f93b33", 1773967566.2678654], ["12e4bcdb", 1773969500.7353456], ["0d145ac4", 1773972877.8840175]], "metrics": {"total_triggers": 49, "filtered_global_cooldown": 0, "filtered_post_cycle": 0, "filtered_source_cooldown": 17, "filtered_duplicate_content": 0, "processed": 32, "_last_reset_date": "2026-03-19"}}