{"cooldowns": {"MicrostructureSentinel": 1774015451.3586624, "PriceSentinel": 1773927930.2175279, "POST_CYCLE": 1773927450.485607, "NewsSentinel": 1773848942.8411312}, "recent_triggers": [["7beda2fb", 1774011107.954551], ["d55d9d5b", 1774013651.3491156]], "metrics": {"total_triggers": 68, "filtered_global_cooldown": 0, "filtered_post_cycle": 0, "filtered_source_cooldown": 24, "filtered_duplicate_content": 0, "processed": 44, "_last_reset_date": "2026-03-19"}}