{"cooldowns": {"MicrostructureSentinel": 1773838689.8139036, "PriceSentinel": 1773762613.002739, "POST_CYCLE": 1773762213.4600322, "NewsSentinel": 1773769713.270175}, "recent_triggers": [["67640c03", 1773830325.42108], ["3a6e6f35", 1773832131.8568184], ["55d5a357", 1773833515.9625084], ["099bcaa2", 1773836889.8044584]], "metrics": {"total_triggers": 67, "filtered_global_cooldown": 2, "filtered_post_cycle": 0, "filtered_source_cooldown": 24, "filtered_duplicate_content": 0, "processed": 41, "_last_reset_date": "2026-03-16"}}