{"cooldowns": {"MicrostructureSentinel": 1774023383.8505821, "PriceSentinel": 1773927930.2175279, "POST_CYCLE": 1774019906.2041225, "NewsSentinel": 1773848942.8411312, "WeatherSentinel": 1774020235.4149816, "MacroContagionSentinel": 1774020247.2842185}, "recent_triggers": [["6e9528e4", 1774019335.3769505], ["2e2c81c2", 1774019347.2802942], ["637ea81d", 1774021583.836095]], "metrics": {"total_triggers": 72, "filtered_global_cooldown": 0, "filtered_post_cycle": 1, "filtered_source_cooldown": 24, "filtered_duplicate_content": 0, "processed": 47, "_last_reset_date": "2026-03-19"}}