{"cooldowns": {"MicrostructureSentinel": 1773937704.4294121, "PriceSentinel": 1773927930.2175279, "POST_CYCLE": 1773927450.485607, "NewsSentinel": 1773848942.8411312}, "recent_triggers": [["015f7240", 1773930413.4901726], ["4dfee199", 1773932525.051536], ["b8c84a76", 1773935904.4216886]], "metrics": {"total_triggers": 31, "filtered_global_cooldown": 0, "filtered_post_cycle": 0, "filtered_source_cooldown": 12, "filtered_duplicate_content": 0, "processed": 19, "_last_reset_date": "2026-03-19"}}