{"cooldowns": {"MicrostructureSentinel": 1773673239.8557916}, "recent_triggers": [["e3ff279e", 1773667152.7751281], ["b6e50046", 1773669120.5827506], ["1746beae", 1773671439.8451715]], "metrics": {"total_triggers": 22, "filtered_global_cooldown": 0, "filtered_post_cycle": 0, "filtered_source_cooldown": 8, "filtered_duplicate_content": 0, "processed": 14, "_last_reset_date": "2026-03-16"}}