{"cooldowns": {"MicrostructureSentinel": 1773844015.8710134, "PriceSentinel": 1773762613.002739, "POST_CYCLE": 1773762213.4600322, "NewsSentinel": 1773769713.270175}, "recent_triggers": [["099bcaa2", 1773836889.8044584], ["b149c224", 1773842215.8610685]], "metrics": {"total_triggers": 69, "filtered_global_cooldown": 3, "filtered_post_cycle": 0, "filtered_source_cooldown": 24, "filtered_duplicate_content": 0, "processed": 42, "_last_reset_date": "2026-03-16"}}