{"cooldowns": {"MicrostructureSentinel": 1773768600.6498675, "PriceSentinel": 1773762613.002739, "POST_CYCLE": 1773762213.4600322}, "recent_triggers": [["e7dba6b0", 1773761712.9954116], ["0a7c7356", 1773763040.8736534], ["fd3ca130", 1773766800.638944]], "metrics": {"total_triggers": 54, "filtered_global_cooldown": 2, "filtered_post_cycle": 0, "filtered_source_cooldown": 20, "filtered_duplicate_content": 0, "processed": 32, "_last_reset_date": "2026-03-16"}}