{"cooldowns": {"MicrostructureSentinel": 1773889671.6451628, "PriceSentinel": 1773762613.002739, "POST_CYCLE": 1773848476.3463435, "NewsSentinel": 1773848942.8411312}, "recent_triggers": [["c5612997", 1773881772.1125221], ["0c9e2ab4", 1773884608.4962804], ["991ed1a1", 1773887871.6360192]], "metrics": {"total_triggers": 8, "filtered_global_cooldown": 0, "filtered_post_cycle": 0, "filtered_source_cooldown": 4, "filtered_duplicate_content": 0, "processed": 4, "_last_reset_date": "2026-03-19"}}