{"cooldowns": {"MicrostructureSentinel": 1773761381.9708288, "PriceSentinel": 1773676098.417557, "POST_CYCLE": 1773676101.4731078}, "recent_triggers": [["75c93b3b", 1773755167.8745892], ["9c309ccf", 1773757105.937262], ["942e3ed9", 1773759581.9510763]], "metrics": {"total_triggers": 48, "filtered_global_cooldown": 1, "filtered_post_cycle": 0, "filtered_source_cooldown": 18, "filtered_duplicate_content": 0, "processed": 29, "_last_reset_date": "2026-03-16"}}