{"cooldowns": {"MicrostructureSentinel": 1773756967.8912554, "PriceSentinel": 1773676098.417557, "POST_CYCLE": 1773676101.4731078}, "recent_triggers": [["3654171e", 1773748703.459092], ["75c93b3b", 1773755167.8745892]], "metrics": {"total_triggers": 45, "filtered_global_cooldown": 1, "filtered_post_cycle": 0, "filtered_source_cooldown": 17, "filtered_duplicate_content": 0, "processed": 27, "_last_reset_date": "2026-03-16"}}