{"cooldowns": {"MicrostructureSentinel": 1774012907.965693, "PriceSentinel": 1773927930.2175279, "POST_CYCLE": 1773927450.485607, "NewsSentinel": 1773848942.8411312}, "recent_triggers": [["71e02567", 1774004956.1007478], ["7beda2fb", 1774011107.954551]], "metrics": {"total_triggers": 65, "filtered_global_cooldown": 0, "filtered_post_cycle": 0, "filtered_source_cooldown": 22, "filtered_duplicate_content": 0, "processed": 43, "_last_reset_date": "2026-03-19"}}