{"cooldowns": {"MicrostructureSentinel": 1773926297.3739498, "PriceSentinel": 1773762613.002739, "POST_CYCLE": 1773848476.3463435, "NewsSentinel": 1773848942.8411312}, "recent_triggers": [["fe252bcb", 1773923285.93776], ["27c8da6c", 1773924497.3663101]], "metrics": {"total_triggers": 22, "filtered_global_cooldown": 0, "filtered_post_cycle": 0, "filtered_source_cooldown": 8, "filtered_duplicate_content": 0, "processed": 14, "_last_reset_date": "2026-03-19"}}