{"cooldowns": {"MicrostructureSentinel": 1773942841.260934, "PriceSentinel": 1773927930.2175279, "POST_CYCLE": 1773927450.485607, "NewsSentinel": 1773848942.8411312}, "recent_triggers": [["54de0274", 1773938377.1222303], ["03c16fb1", 1773941041.251137], ["b631a2a1", 1773945099.8423257]], "metrics": {"total_triggers": 36, "filtered_global_cooldown": 0, "filtered_post_cycle": 0, "filtered_source_cooldown": 14, "filtered_duplicate_content": 0, "processed": 22, "_last_reset_date": "2026-03-19"}}