{"cooldowns": {"MicrostructureSentinel": 1773681171.8692982, "PriceSentinel": 1773676098.417557, "POST_CYCLE": 1773676101.4731078}, "recent_triggers": [["3ade8757", 1773675198.4129698], ["016a84c2", 1773675621.7095387], ["a574f03c", 1773676950.355918], ["e4957045", 1773679371.8593454]], "metrics": {"total_triggers": 28, "filtered_global_cooldown": 1, "filtered_post_cycle": 0, "filtered_source_cooldown": 9, "filtered_duplicate_content": 0, "processed": 18, "_last_reset_date": "2026-03-16"}}