{"cooldowns": {"MicrostructureSentinel": 1773676521.7153628, "PriceSentinel": 1773676098.417557, "POST_CYCLE": 1773676101.4731078}, "recent_triggers": [["b6e50046", 1773669120.5827506], ["1746beae", 1773671439.8451715], ["3ade8757", 1773675198.4129698], ["016a84c2", 1773675621.7095387]], "metrics": {"total_triggers": 24, "filtered_global_cooldown": 0, "filtered_post_cycle": 0, "filtered_source_cooldown": 8, "filtered_duplicate_content": 0, "processed": 16, "_last_reset_date": "2026-03-16"}}