{"cooldowns": {"MicrostructureSentinel": 1773929251.6984859, "PriceSentinel": 1773927930.2175279, "POST_CYCLE": 1773927450.485607, "NewsSentinel": 1773848942.8411312}, "recent_triggers": [["fe252bcb", 1773923285.93776], ["27c8da6c", 1773924497.3663101], ["321dbce0", 1773927030.214032], ["8cc825eb", 1773927451.688576]], "metrics": {"total_triggers": 25, "filtered_global_cooldown": 0, "filtered_post_cycle": 0, "filtered_source_cooldown": 9, "filtered_duplicate_content": 0, "processed": 16, "_last_reset_date": "2026-03-19"}}