{"cooldowns": {"MicrostructureSentinel": 1773662347.4209034}, "recent_triggers": [["df18e93a", 1773653840.8350823], ["ae5e865b", 1773654504.5523221], ["d6ec46d0", 1773660547.4052663]], "metrics": {"total_triggers": 18, "filtered_global_cooldown": 0, "filtered_post_cycle": 0, "filtered_source_cooldown": 7, "filtered_duplicate_content": 0, "processed": 11, "_last_reset_date": "2026-03-16"}}