{"cooldowns": {"MicrostructureSentinel": 1773764840.8845577, "PriceSentinel": 1773762613.002739, "POST_CYCLE": 1773762213.4600322, "GLOBAL": 1773765240.0022774}, "recent_triggers": [["9c309ccf", 1773757105.937262], ["942e3ed9", 1773759581.9510763], ["e7dba6b0", 1773761712.9954116], ["0a7c7356", 1773763040.8736534]], "metrics": {"total_triggers": 52, "filtered_global_cooldown": 1, "filtered_post_cycle": 0, "filtered_source_cooldown": 20, "filtered_duplicate_content": 0, "processed": 31, "_last_reset_date": "2026-03-16"}}